algorithm,approximation_level,endpoint,exact_task_success_probability,instance_id,measured_tv,resource_controlled_phase,resource_cx,resource_depth,state_specific_certified,task_difference,task_success_probability,worst_case_certified
Shor,0,order,0.984375,35:11,0.0,0,0,0,True,0.0,0.984375,True
Shor,0,factor,0.0,35:11,0.0,0,0,0,True,0.0,0.0,True
Shor,1,order,0.984375,35:11,6.253784969424323e-07,1,2,0,True,0.0,0.984375,True
Shor,1,factor,0.0,35:11,6.253784969424323e-07,1,2,0,True,0.0,0.0,True
Shor,2,order,0.984375,35:11,4.7912663381128534e-06,3,6,0,True,0.0,0.984375,False
Shor,2,factor,0.0,35:11,4.7912663381128534e-06,3,6,0,True,0.0,0.0,False
Shor,3,order,0.984375,35:11,2.6622014808018347e-05,6,12,0,True,0.0,0.984375,False
Shor,3,factor,0.0,35:11,2.6622014808018347e-05,6,12,0,True,0.0,0.0,False
Shor,0,order,0.984375,35:11,0.0,0,0,0,True,0.0,0.984375,True
Shor,0,factor,0.0,35:11,0.0,0,0,0,True,0.0,0.0,True
Shor,1,order,0.984375,35:11,5.760370579414421e-07,1,2,0,True,0.0,0.984375,True
Shor,1,factor,0.0,35:11,5.760370579414421e-07,1,2,0,True,0.0,0.0,True
Shor,2,order,0.984375,35:11,4.411190072121344e-06,3,6,0,True,0.0,0.984375,False
Shor,2,factor,0.0,35:11,4.411190072121344e-06,3,6,0,True,0.0,0.0,False
Shor,3,order,0.984375,35:11,2.448632209605102e-05,6,12,0,True,0.0,0.984375,False
Shor,3,factor,0.0,35:11,2.448632209605102e-05,6,12,0,True,0.0,0.0,False
Shor,0,order,1.0,35:11,0.0,0,0,0,True,0.0,1.0,True
Shor,0,factor,0.0,35:11,0.0,0,0,0,True,0.0,0.0,True
Shor,1,order,1.0,35:11,6.253784969424323e-07,1,2,0,True,0.0,1.0,True
Shor,1,factor,0.0,35:11,6.253784969424323e-07,1,2,0,True,0.0,0.0,True
Shor,2,order,1.0,35:11,4.7912663381128534e-06,3,6,0,True,0.0,1.0,False
Shor,2,factor,0.0,35:11,4.7912663381128534e-06,3,6,0,True,0.0,0.0,False
Shor,3,order,1.0,35:11,2.6622014808018347e-05,6,12,0,True,0.0,1.0,False
Shor,3,factor,0.0,35:11,2.6622014808018347e-05,6,12,0,True,0.0,0.0,False
Shor,0,order,1.0,35:11,0.0,0,0,0,True,0.0,1.0,True
Shor,0,factor,0.0,35:11,0.0,0,0,0,True,0.0,0.0,True
Shor,1,order,1.0,35:11,5.760370579414421e-07,1,2,0,True,0.0,1.0,True
Shor,1,factor,0.0,35:11,5.760370579414421e-07,1,2,0,True,0.0,0.0,True
Shor,2,order,1.0,35:11,4.411190072121344e-06,3,6,0,True,0.0,1.0,False
Shor,2,factor,0.0,35:11,4.411190072121344e-06,3,6,0,True,0.0,0.0,False
Shor,3,order,1.0,35:11,2.448632209605102e-05,6,12,0,True,0.0,1.0,False
Shor,3,factor,0.0,35:11,2.448632209605102e-05,6,12,0,True,0.0,0.0,False
Shor,0,order,1.0,35:11,0.0,0,0,0,True,0.0,1.0,True
Shor,0,factor,0.0,35:11,0.0,0,0,0,True,0.0,0.0,True
Shor,1,order,1.0,35:11,6.253784969424323e-07,1,2,0,True,0.0,1.0,True
Shor,1,factor,0.0,35:11,6.253784969424323e-07,1,2,0,True,0.0,0.0,True
Shor,2,order,1.0,35:11,4.7912663381128534e-06,3,6,0,True,0.0,1.0,False
Shor,2,factor,0.0,35:11,4.7912663381128534e-06,3,6,0,True,0.0,0.0,False
Shor,3,order,1.0,35:11,2.6622014808018347e-05,6,12,0,True,0.0,1.0,False
Shor,3,factor,0.0,35:11,2.6622014808018347e-05,6,12,0,True,0.0,0.0,False
Shor,0,order,1.0,35:11,0.0,0,0,0,True,0.0,1.0,True
Shor,0,factor,0.0,35:11,0.0,0,0,0,True,0.0,0.0,True
Shor,1,order,1.0,35:11,5.760370579414421e-07,1,2,0,True,0.0,1.0,True
Shor,1,factor,0.0,35:11,5.760370579414421e-07,1,2,0,True,0.0,0.0,True
Shor,2,order,1.0,35:11,4.411190072121344e-06,3,6,0,True,0.0,1.0,False
Shor,2,factor,0.0,35:11,4.411190072121344e-06,3,6,0,True,0.0,0.0,False
Shor,3,order,1.0,35:11,2.448632209605102e-05,6,12,0,True,0.0,1.0,False
Shor,3,factor,0.0,35:11,2.448632209605102e-05,6,12,0,True,0.0,0.0,False
Shor,0,order,1.0,35:2,0.0,0,0,0,True,0.0,1.0,True
Shor,0,factor,1.0,35:2,0.0,0,0,0,True,0.0,1.0,True
Shor,1,order,1.0,35:2,2.9907277529671245e-17,1,2,0,True,0.0,1.0,True
Shor,1,factor,1.0,35:2,2.9907277529671245e-17,1,2,0,True,0.0,1.0,True
Shor,2,order,1.0,35:2,3.1606531500981785e-17,3,6,0,True,0.0,1.0,False
Shor,2,factor,1.0,35:2,3.1606531500981785e-17,3,6,0,True,0.0,1.0,False
Shor,3,order,1.0,35:2,8.68223414551327e-06,6,12,0,True,0.0,1.0,False
Shor,3,factor,1.0,35:2,8.68223414551327e-06,6,12,0,True,0.0,1.0,False
Shor,0,order,1.0,35:2,0.0,0,0,0,True,0.0,1.0,True
Shor,0,factor,1.0,35:2,0.0,0,0,0,True,0.0,1.0,True
Shor,1,order,1.0,35:2,3.3657754131656076e-17,1,2,0,True,0.0,1.0,True
Shor,1,factor,1.0,35:2,3.3657754131656076e-17,1,2,0,True,0.0,1.0,True
Shor,2,order,1.0,35:2,3.412566042567528e-17,3,6,0,True,0.0,1.0,False
Shor,2,factor,1.0,35:2,3.412566042567528e-17,3,6,0,True,0.0,1.0,False
Shor,3,order,1.0,35:2,8.042904418475743e-06,6,12,0,True,0.0,1.0,False
Shor,3,factor,1.0,35:2,8.042904418475743e-06,6,12,0,True,0.0,1.0,False
Shor,0,order,1.0,35:2,0.0,0,0,0,True,0.0,1.0,True
Shor,0,factor,1.0,35:2,0.0,0,0,0,True,0.0,1.0,True
Shor,1,order,1.0,35:2,2.9907277529671245e-17,1,2,0,True,0.0,1.0,True
Shor,1,factor,1.0,35:2,2.9907277529671245e-17,1,2,0,True,0.0,1.0,True
Shor,2,order,1.0,35:2,3.1606531500981785e-17,3,6,0,True,0.0,1.0,False
Shor,2,factor,1.0,35:2,3.1606531500981785e-17,3,6,0,True,0.0,1.0,False
Shor,3,order,1.0,35:2,8.68223414551327e-06,6,12,0,True,0.0,1.0,False
Shor,3,factor,1.0,35:2,8.68223414551327e-06,6,12,0,True,0.0,1.0,False
Shor,0,order,1.0,35:2,0.0,0,0,0,True,0.0,1.0,True
Shor,0,factor,1.0,35:2,0.0,0,0,0,True,0.0,1.0,True
Shor,1,order,1.0,35:2,3.3657754131656076e-17,1,2,0,True,0.0,1.0,True
Shor,1,factor,1.0,35:2,3.3657754131656076e-17,1,2,0,True,0.0,1.0,True
Shor,2,order,1.0,35:2,3.412566042567528e-17,3,6,0,True,0.0,1.0,False
Shor,2,factor,1.0,35:2,3.412566042567528e-17,3,6,0,True,0.0,1.0,False
Shor,3,order,1.0,35:2,8.042904418475743e-06,6,12,0,True,0.0,1.0,False
Shor,3,factor,1.0,35:2,8.042904418475743e-06,6,12,0,True,0.0,1.0,False
Shor,0,order,1.0,35:2,0.0,0,0,0,True,0.0,1.0,True
Shor,0,factor,1.0,35:2,0.0,0,0,0,True,0.0,1.0,True
Shor,1,order,1.0,35:2,2.9907277529671245e-17,1,2,0,True,0.0,1.0,True
Shor,1,factor,1.0,35:2,2.9907277529671245e-17,1,2,0,True,0.0,1.0,True
Shor,2,order,1.0,35:2,3.1606531500981785e-17,3,6,0,True,0.0,1.0,False
Shor,2,factor,1.0,35:2,3.1606531500981785e-17,3,6,0,True,0.0,1.0,False
Shor,3,order,1.0,35:2,8.68223414551327e-06,6,12,0,True,0.0,1.0,False
Shor,3,factor,1.0,35:2,8.68223414551327e-06,6,12,0,True,0.0,1.0,False
Shor,0,order,1.0,35:2,0.0,0,0,0,True,0.0,1.0,True
Shor,0,factor,1.0,35:2,0.0,0,0,0,True,0.0,1.0,True
Shor,1,order,1.0,35:2,3.3657754131656076e-17,1,2,0,True,0.0,1.0,True
Shor,1,factor,1.0,35:2,3.3657754131656076e-17,1,2,0,True,0.0,1.0,True
Shor,2,order,1.0,35:2,3.412566042567528e-17,3,6,0,True,0.0,1.0,False
Shor,2,factor,1.0,35:2,3.412566042567528e-17,3,6,0,True,0.0,1.0,False
Shor,3,order,1.0,35:2,8.042904418475743e-06,6,12,0,True,0.0,1.0,False
Shor,3,factor,1.0,35:2,8.042904418475743e-06,6,12,0,True,0.0,1.0,False
Shor,0,order,1.0,39:2,0.0,0,0,0,True,0.0,1.0,True
Shor,0,factor,1.0,39:2,0.0,0,0,0,True,0.0,1.0,True
Shor,1,order,1.0,39:2,2.9907277529671245e-17,1,2,0,True,0.0,1.0,True
Shor,1,factor,1.0,39:2,2.9907277529671245e-17,1,2,0,True,0.0,1.0,True
Shor,2,order,1.0,39:2,3.1606531500981785e-17,3,6,0,True,0.0,1.0,False
Shor,2,factor,1.0,39:2,3.1606531500981785e-17,3,6,0,True,0.0,1.0,False
Shor,3,order,1.0,39:2,8.68223414551327e-06,6,12,0,True,0.0,1.0,False
Shor,3,factor,1.0,39:2,8.68223414551327e-06,6,12,0,True,0.0,1.0,False
Shor,0,order,1.0,39:2,0.0,0,0,0,True,0.0,1.0,True
Shor,0,factor,1.0,39:2,0.0,0,0,0,True,0.0,1.0,True
Shor,1,order,1.0,39:2,3.3657754131656076e-17,1,2,0,True,0.0,1.0,True
Shor,1,factor,1.0,39:2,3.3657754131656076e-17,1,2,0,True,0.0,1.0,True
Shor,2,order,1.0,39:2,3.412566042567528e-17,3,6,0,True,0.0,1.0,False
Shor,2,factor,1.0,39:2,3.412566042567528e-17,3,6,0,True,0.0,1.0,False
Shor,3,order,1.0,39:2,8.042904418475743e-06,6,12,0,True,0.0,1.0,False
Shor,3,factor,1.0,39:2,8.042904418475743e-06,6,12,0,True,0.0,1.0,False
Shor,0,order,1.0,39:2,0.0,0,0,0,True,0.0,1.0,True
Shor,0,factor,1.0,39:2,0.0,0,0,0,True,0.0,1.0,True
Shor,1,order,1.0,39:2,2.9907277529671245e-17,1,2,0,True,0.0,1.0,True
Shor,1,factor,1.0,39:2,2.9907277529671245e-17,1,2,0,True,0.0,1.0,True
Shor,2,order,1.0,39:2,3.1606531500981785e-17,3,6,0,True,0.0,1.0,False
Shor,2,factor,1.0,39:2,3.1606531500981785e-17,3,6,0,True,0.0,1.0,False
Shor,3,order,1.0,39:2,8.68223414551327e-06,6,12,0,True,0.0,1.0,False
Shor,3,factor,1.0,39:2,8.68223414551327e-06,6,12,0,True,0.0,1.0,False
Shor,0,order,1.0,39:2,0.0,0,0,0,True,0.0,1.0,True
Shor,0,factor,1.0,39:2,0.0,0,0,0,True,0.0,1.0,True
Shor,1,order,1.0,39:2,3.3657754131656076e-17,1,2,0,True,0.0,1.0,True
Shor,1,factor,1.0,39:2,3.3657754131656076e-17,1,2,0,True,0.0,1.0,True
Shor,2,order,1.0,39:2,3.412566042567528e-17,3,6,0,True,0.0,1.0,False
Shor,2,factor,1.0,39:2,3.412566042567528e-17,3,6,0,True,0.0,1.0,False
Shor,3,order,1.0,39:2,8.042904418475743e-06,6,12,0,True,0.0,1.0,False
Shor,3,factor,1.0,39:2,8.042904418475743e-06,6,12,0,True,0.0,1.0,False
Shor,0,order,1.0,39:2,0.0,0,0,0,True,0.0,1.0,True
Shor,0,factor,1.0,39:2,0.0,0,0,0,True,0.0,1.0,True
Shor,1,order,1.0,39:2,2.9907277529671245e-17,1,2,0,True,0.0,1.0,True
Shor,1,factor,1.0,39:2,2.9907277529671245e-17,1,2,0,True,0.0,1.0,True
Shor,2,order,1.0,39:2,3.1606531500981785e-17,3,6,0,True,0.0,1.0,False
Shor,2,factor,1.0,39:2,3.1606531500981785e-17,3,6,0,True,0.0,1.0,False
Shor,3,order,1.0,39:2,8.68223414551327e-06,6,12,0,True,0.0,1.0,False
Shor,3,factor,1.0,39:2,8.68223414551327e-06,6,12,0,True,0.0,1.0,False
Shor,0,order,1.0,39:2,0.0,0,0,0,True,0.0,1.0,True
Shor,0,factor,1.0,39:2,0.0,0,0,0,True,0.0,1.0,True
Shor,1,order,1.0,39:2,3.3657754131656076e-17,1,2,0,True,0.0,1.0,True
Shor,1,factor,1.0,39:2,3.3657754131656076e-17,1,2,0,True,0.0,1.0,True
Shor,2,order,1.0,39:2,3.412566042567528e-17,3,6,0,True,0.0,1.0,False
Shor,2,factor,1.0,39:2,3.412566042567528e-17,3,6,0,True,0.0,1.0,False
Shor,3,order,1.0,39:2,8.042904418475743e-06,6,12,0,True,0.0,1.0,False
Shor,3,factor,1.0,39:2,8.042904418475743e-06,6,12,0,True,0.0,1.0,False
Shor,0,order,1.0,51:2,0.0,0,0,0,True,0.0,1.0,True
Shor,0,factor,1.0,51:2,0.0,0,0,0,True,0.0,1.0,True
Shor,1,order,1.0,51:2,0.0,1,2,0,True,0.0,1.0,True
Shor,1,factor,1.0,51:2,0.0,1,2,0,True,0.0,1.0,True
Shor,2,order,1.0,51:2,0.0,3,6,0,True,0.0,1.0,False
Shor,2,factor,1.0,51:2,0.0,3,6,0,True,0.0,1.0,False
Shor,3,order,1.0,51:2,0.0,6,12,0,True,0.0,1.0,False
Shor,3,factor,1.0,51:2,0.0,6,12,0,True,0.0,1.0,False
Shor,0,order,1.0,51:2,0.0,0,0,0,True,0.0,1.0,True
Shor,0,factor,1.0,51:2,0.0,0,0,0,True,0.0,1.0,True
Shor,1,order,1.0,51:2,0.0,1,2,0,True,0.0,1.0,True
Shor,1,factor,1.0,51:2,0.0,1,2,0,True,0.0,1.0,True
Shor,2,order,1.0,51:2,0.0,3,6,0,True,0.0,1.0,False
Shor,2,factor,1.0,51:2,0.0,3,6,0,True,0.0,1.0,False
Shor,3,order,1.0,51:2,0.0,6,12,0,True,0.0,1.0,False
Shor,3,factor,1.0,51:2,0.0,6,12,0,True,0.0,1.0,False
Shor,0,order,1.0,51:2,0.0,0,0,0,True,0.0,1.0,True
Shor,0,factor,1.0,51:2,0.0,0,0,0,True,0.0,1.0,True
Shor,1,order,1.0,51:2,0.0,1,2,0,True,0.0,1.0,True
Shor,1,factor,1.0,51:2,0.0,1,2,0,True,0.0,1.0,True
Shor,2,order,1.0,51:2,0.0,3,6,0,True,0.0,1.0,False
Shor,2,factor,1.0,51:2,0.0,3,6,0,True,0.0,1.0,False
Shor,3,order,1.0,51:2,0.0,6,12,0,True,0.0,1.0,False
Shor,3,factor,1.0,51:2,0.0,6,12,0,True,0.0,1.0,False
Shor,0,order,1.0,51:2,0.0,0,0,0,True,0.0,1.0,True
Shor,0,factor,1.0,51:2,0.0,0,0,0,True,0.0,1.0,True
Shor,1,order,1.0,51:2,0.0,1,2,0,True,0.0,1.0,True
Shor,1,factor,1.0,51:2,0.0,1,2,0,True,0.0,1.0,True
Shor,2,order,1.0,51:2,0.0,3,6,0,True,0.0,1.0,False
Shor,2,factor,1.0,51:2,0.0,3,6,0,True,0.0,1.0,False
Shor,3,order,1.0,51:2,0.0,6,12,0,True,0.0,1.0,False
Shor,3,factor,1.0,51:2,0.0,6,12,0,True,0.0,1.0,False
Shor,0,order,1.0,51:2,0.0,0,0,0,True,0.0,1.0,True
Shor,0,factor,1.0,51:2,0.0,0,0,0,True,0.0,1.0,True
Shor,1,order,1.0,51:2,0.0,1,2,0,True,0.0,1.0,True
Shor,1,factor,1.0,51:2,0.0,1,2,0,True,0.0,1.0,True
Shor,2,order,1.0,51:2,0.0,3,6,0,True,0.0,1.0,False
Shor,2,factor,1.0,51:2,0.0,3,6,0,True,0.0,1.0,False
Shor,3,order,1.0,51:2,0.0,6,12,0,True,0.0,1.0,False
Shor,3,factor,1.0,51:2,0.0,6,12,0,True,0.0,1.0,False
Shor,0,order,1.0,51:2,0.0,0,0,0,True,0.0,1.0,True
Shor,0,factor,1.0,51:2,0.0,0,0,0,True,0.0,1.0,True
Shor,1,order,1.0,51:2,0.0,1,2,0,True,0.0,1.0,True
Shor,1,factor,1.0,51:2,0.0,1,2,0,True,0.0,1.0,True
Shor,2,order,1.0,51:2,0.0,3,6,0,True,0.0,1.0,False
Shor,2,factor,1.0,51:2,0.0,3,6,0,True,0.0,1.0,False
Shor,3,order,1.0,51:2,0.0,6,12,0,True,0.0,1.0,False
Shor,3,factor,1.0,51:2,0.0,6,12,0,True,0.0,1.0,False
Shor,0,order,1.0,55:2,0.0,0,0,0,True,0.0,1.0,True
Shor,0,factor,1.0,55:2,0.0,0,0,0,True,0.0,1.0,True
Shor,1,order,1.0,55:2,2.566552181827893e-17,1,2,0,True,0.0,1.0,True
Shor,1,factor,1.0,55:2,2.566552181827893e-17,1,2,0,True,0.0,1.0,True
Shor,2,order,1.0,55:2,5.776695878847364e-17,3,6,0,True,0.0,1.0,False
Shor,2,factor,1.0,55:2,5.776695878847364e-17,3,6,0,True,0.0,1.0,False
Shor,3,order,1.0,55:2,8.40632388706534e-06,6,12,0,True,0.0,1.0,False
Shor,3,factor,1.0,55:2,8.40632388706534e-06,6,12,0,True,0.0,1.0,False
Shor,0,order,0.984375,55:2,0.0,0,0,0,True,0.0,0.984375,True
Shor,0,factor,0.984375,55:2,0.0,0,0,0,True,0.0,0.984375,True
Shor,1,order,0.984375,55:2,4.684108080184042e-17,1,2,0,True,0.0,0.984375,True
Shor,1,factor,0.984375,55:2,4.684108080184042e-17,1,2,0,True,0.0,0.984375,True
Shor,2,order,0.984375,55:2,7.042946607521499e-17,3,6,0,True,0.0,0.984375,False
Shor,2,factor,0.984375,55:2,7.042946607521499e-17,3,6,0,True,0.0,0.984375,False
Shor,3,order,0.984375,55:2,7.768154582811772e-06,6,12,0,True,0.0,0.984375,False
Shor,3,factor,0.984375,55:2,7.768154582811772e-06,6,12,0,True,0.0,0.984375,False
Shor,0,order,1.0,55:2,0.0,0,0,0,True,0.0,1.0,True
Shor,0,factor,1.0,55:2,0.0,0,0,0,True,0.0,1.0,True
Shor,1,order,1.0,55:2,2.566552181827893e-17,1,2,0,True,0.0,1.0,True
Shor,1,factor,1.0,55:2,2.566552181827893e-17,1,2,0,True,0.0,1.0,True
Shor,2,order,1.0,55:2,5.776695878847364e-17,3,6,0,True,0.0,1.0,False
Shor,2,factor,1.0,55:2,5.776695878847364e-17,3,6,0,True,0.0,1.0,False
Shor,3,order,1.0,55:2,8.40632388706534e-06,6,12,0,True,0.0,1.0,False
Shor,3,factor,1.0,55:2,8.40632388706534e-06,6,12,0,True,0.0,1.0,False
Shor,0,order,1.0,55:2,0.0,0,0,0,True,0.0,1.0,True
Shor,0,factor,1.0,55:2,0.0,0,0,0,True,0.0,1.0,True
Shor,1,order,1.0,55:2,4.684108080184042e-17,1,2,0,True,0.0,1.0,True
Shor,1,factor,1.0,55:2,4.684108080184042e-17,1,2,0,True,0.0,1.0,True
Shor,2,order,1.0,55:2,7.042946607521499e-17,3,6,0,True,0.0,1.0,False
Shor,2,factor,1.0,55:2,7.042946607521499e-17,3,6,0,True,0.0,1.0,False
Shor,3,order,1.0,55:2,7.768154582811772e-06,6,12,0,True,0.0,1.0,False
Shor,3,factor,1.0,55:2,7.768154582811772e-06,6,12,0,True,0.0,1.0,False
Shor,0,order,1.0,55:2,0.0,0,0,0,True,0.0,1.0,True
Shor,0,factor,1.0,55:2,0.0,0,0,0,True,0.0,1.0,True
Shor,1,order,1.0,55:2,2.566552181827893e-17,1,2,0,True,0.0,1.0,True
Shor,1,factor,1.0,55:2,2.566552181827893e-17,1,2,0,True,0.0,1.0,True
Shor,2,order,1.0,55:2,5.776695878847364e-17,3,6,0,True,0.0,1.0,False
Shor,2,factor,1.0,55:2,5.776695878847364e-17,3,6,0,True,0.0,1.0,False
Shor,3,order,1.0,55:2,8.40632388706534e-06,6,12,0,True,0.0,1.0,False
Shor,3,factor,1.0,55:2,8.40632388706534e-06,6,12,0,True,0.0,1.0,False
Shor,0,order,1.0,55:2,0.0,0,0,0,True,0.0,1.0,True
Shor,0,factor,1.0,55:2,0.0,0,0,0,True,0.0,1.0,True
Shor,1,order,1.0,55:2,4.684108080184042e-17,1,2,0,True,0.0,1.0,True
Shor,1,factor,1.0,55:2,4.684108080184042e-17,1,2,0,True,0.0,1.0,True
Shor,2,order,1.0,55:2,7.042946607521499e-17,3,6,0,True,0.0,1.0,False
Shor,2,factor,1.0,55:2,7.042946607521499e-17,3,6,0,True,0.0,1.0,False
Shor,3,order,1.0,55:2,7.768154582811772e-06,6,12,0,True,0.0,1.0,False
Shor,3,factor,1.0,55:2,7.768154582811772e-06,6,12,0,True,0.0,1.0,False
Shor,0,order,1.0,65:3,0.0,0,0,0,True,0.0,1.0,True
Shor,0,factor,1.0,65:3,0.0,0,0,0,True,0.0,1.0,True
Shor,1,order,1.0,65:3,1.667657326272233e-18,1,2,0,True,0.0,1.0,True
Shor,1,factor,1.0,65:3,1.667657326272233e-18,1,2,0,True,0.0,1.0,True
Shor,2,order,1.0,65:3,8.768164620207214e-17,3,6,0,True,0.0,1.0,True
Shor,2,factor,1.0,65:3,8.768164620207214e-17,3,6,0,True,0.0,1.0,True
Shor,3,order,1.0,65:3,6.253784970195182e-07,6,12,0,True,0.0,1.0,False
Shor,3,factor,1.0,65:3,6.253784970195182e-07,6,12,0,True,0.0,1.0,False
Shor,0,order,1.0,65:3,0.0,0,0,0,True,0.0,1.0,True
Shor,0,factor,1.0,65:3,0.0,0,0,0,True,0.0,1.0,True
Shor,1,order,1.0,65:3,1.6563299149639317e-18,1,2,0,True,0.0,1.0,True
Shor,1,factor,1.0,65:3,1.6563299149639317e-18,1,2,0,True,0.0,1.0,True
Shor,2,order,1.0,65:3,1.930622840650393e-17,3,6,0,True,0.0,1.0,True
Shor,2,factor,1.0,65:3,1.930622840650393e-17,3,6,0,True,0.0,1.0,True
Shor,3,order,1.0,65:3,5.760370580167457e-07,6,12,0,True,0.0,1.0,False
Shor,3,factor,1.0,65:3,5.760370580167457e-07,6,12,0,True,0.0,1.0,False
Shor,0,order,1.0,65:3,0.0,0,0,0,True,0.0,1.0,True
Shor,0,factor,1.0,65:3,0.0,0,0,0,True,0.0,1.0,True
Shor,1,order,1.0,65:3,1.667657326272233e-18,1,2,0,True,0.0,1.0,True
Shor,1,factor,1.0,65:3,1.667657326272233e-18,1,2,0,True,0.0,1.0,True
Shor,2,order,1.0,65:3,8.768164620207214e-17,3,6,0,True,0.0,1.0,True
Shor,2,factor,1.0,65:3,8.768164620207214e-17,3,6,0,True,0.0,1.0,True
Shor,3,order,1.0,65:3,6.253784970195182e-07,6,12,0,True,0.0,1.0,False
Shor,3,factor,1.0,65:3,6.253784970195182e-07,6,12,0,True,0.0,1.0,False
Shor,0,order,1.0,65:3,0.0,0,0,0,True,0.0,1.0,True
Shor,0,factor,1.0,65:3,0.0,0,0,0,True,0.0,1.0,True
Shor,1,order,1.0,65:3,1.6563299149639317e-18,1,2,0,True,0.0,1.0,True
Shor,1,factor,1.0,65:3,1.6563299149639317e-18,1,2,0,True,0.0,1.0,True
Shor,2,order,1.0,65:3,1.930622840650393e-17,3,6,0,True,0.0,1.0,True
Shor,2,factor,1.0,65:3,1.930622840650393e-17,3,6,0,True,0.0,1.0,True
Shor,3,order,1.0,65:3,5.760370580167457e-07,6,12,0,True,0.0,1.0,False
Shor,3,factor,1.0,65:3,5.760370580167457e-07,6,12,0,True,0.0,1.0,False
Shor,0,order,1.0,65:3,0.0,0,0,0,True,0.0,1.0,True
Shor,0,factor,1.0,65:3,0.0,0,0,0,True,0.0,1.0,True
Shor,1,order,1.0,65:3,1.667657326272233e-18,1,2,0,True,0.0,1.0,True
Shor,1,factor,1.0,65:3,1.667657326272233e-18,1,2,0,True,0.0,1.0,True
Shor,2,order,1.0,65:3,8.768164620207214e-17,3,6,0,True,0.0,1.0,False
Shor,2,factor,1.0,65:3,8.768164620207214e-17,3,6,0,True,0.0,1.0,False
Shor,3,order,1.0,65:3,6.253784970195182e-07,6,12,0,True,0.0,1.0,False
Shor,3,factor,1.0,65:3,6.253784970195182e-07,6,12,0,True,0.0,1.0,False
Shor,0,order,1.0,65:3,0.0,0,0,0,True,0.0,1.0,True
Shor,0,factor,1.0,65:3,0.0,0,0,0,True,0.0,1.0,True
Shor,1,order,1.0,65:3,1.6563299149639317e-18,1,2,0,True,0.0,1.0,True
Shor,1,factor,1.0,65:3,1.6563299149639317e-18,1,2,0,True,0.0,1.0,True
Shor,2,order,1.0,65:3,1.930622840650393e-17,3,6,0,True,0.0,1.0,False
Shor,2,factor,1.0,65:3,1.930622840650393e-17,3,6,0,True,0.0,1.0,False
Shor,3,order,1.0,65:3,5.760370580167457e-07,6,12,0,True,0.0,1.0,False
Shor,3,factor,1.0,65:3,5.760370580167457e-07,6,12,0,True,0.0,1.0,False
Shor,0,order,1.0,77:8,0.0,0,0,0,True,0.0,1.0,True
Shor,0,factor,1.0,77:8,0.0,0,0,0,True,0.0,1.0,True
Shor,1,order,1.0,77:8,7.496983895082263e-17,1,2,0,True,0.0,1.0,True
Shor,1,factor,1.0,77:8,7.496983895082263e-17,1,2,0,True,0.0,1.0,True
Shor,2,order,1.0,77:8,1.622780650629361e-07,3,6,0,True,0.0,1.0,True
Shor,2,factor,1.0,77:8,1.622780650629361e-07,3,6,0,True,0.0,1.0,True
Shor,3,order,1.0,77:8,1.3423054377136756e-06,6,12,0,True,0.0,1.0,False
Shor,3,factor,1.0,77:8,1.3423054377136756e-06,6,12,0,True,0.0,1.0,False
Shor,0,order,1.0,77:8,0.0,0,0,0,True,0.0,1.0,True
Shor,0,factor,1.0,77:8,0.0,0,0,0,True,0.0,1.0,True
Shor,1,order,1.0,77:8,8.113701966533219e-17,1,2,0,True,0.0,1.0,True
Shor,1,factor,1.0,77:8,8.113701966533219e-17,1,2,0,True,0.0,1.0,True
Shor,2,order,1.0,77:8,1.492691112653117e-07,3,6,0,True,0.0,1.0,True
Shor,2,factor,1.0,77:8,1.492691112653117e-07,3,6,0,True,0.0,1.0,True
Shor,3,order,1.0,77:8,1.2398591639804431e-06,6,12,0,True,0.0,1.0,False
Shor,3,factor,1.0,77:8,1.2398591639804431e-06,6,12,0,True,0.0,1.0,False
Shor,0,order,1.0,77:8,0.0,0,0,0,True,0.0,1.0,True
Shor,0,factor,1.0,77:8,0.0,0,0,0,True,0.0,1.0,True
Shor,1,order,1.0,77:8,7.496983895082263e-17,1,2,0,True,0.0,1.0,True
Shor,1,factor,1.0,77:8,7.496983895082263e-17,1,2,0,True,0.0,1.0,True
Shor,2,order,1.0,77:8,1.622780650629361e-07,3,6,0,True,0.0,1.0,True
Shor,2,factor,1.0,77:8,1.622780650629361e-07,3,6,0,True,0.0,1.0,True
Shor,3,order,1.0,77:8,1.3423054377136756e-06,6,12,0,True,0.0,1.0,False
Shor,3,factor,1.0,77:8,1.3423054377136756e-06,6,12,0,True,0.0,1.0,False
Shor,0,order,1.0,77:8,0.0,0,0,0,True,0.0,1.0,True
Shor,0,factor,1.0,77:8,0.0,0,0,0,True,0.0,1.0,True
Shor,1,order,1.0,77:8,8.113701966533219e-17,1,2,0,True,0.0,1.0,True
Shor,1,factor,1.0,77:8,8.113701966533219e-17,1,2,0,True,0.0,1.0,True
Shor,2,order,1.0,77:8,1.492691112653117e-07,3,6,0,True,0.0,1.0,True
Shor,2,factor,1.0,77:8,1.492691112653117e-07,3,6,0,True,0.0,1.0,True
Shor,3,order,1.0,77:8,1.2398591639804431e-06,6,12,0,True,0.0,1.0,False
Shor,3,factor,1.0,77:8,1.2398591639804431e-06,6,12,0,True,0.0,1.0,False
Shor,0,order,1.0,77:8,0.0,0,0,0,True,0.0,1.0,True
Shor,0,factor,1.0,77:8,0.0,0,0,0,True,0.0,1.0,True
Shor,1,order,1.0,77:8,7.496983895082263e-17,1,2,0,True,0.0,1.0,True
Shor,1,factor,1.0,77:8,7.496983895082263e-17,1,2,0,True,0.0,1.0,True
Shor,2,order,1.0,77:8,1.622780650629361e-07,3,6,0,True,0.0,1.0,False
Shor,2,factor,1.0,77:8,1.622780650629361e-07,3,6,0,True,0.0,1.0,False
Shor,3,order,1.0,77:8,1.3423054377136756e-06,6,12,0,True,0.0,1.0,False
Shor,3,factor,1.0,77:8,1.3423054377136756e-06,6,12,0,True,0.0,1.0,False
Shor,0,order,1.0,77:8,0.0,0,0,0,True,0.0,1.0,True
Shor,0,factor,1.0,77:8,0.0,0,0,0,True,0.0,1.0,True
Shor,1,order,1.0,77:8,8.113701966533219e-17,1,2,0,True,0.0,1.0,True
Shor,1,factor,1.0,77:8,8.113701966533219e-17,1,2,0,True,0.0,1.0,True
Shor,2,order,1.0,77:8,1.492691112653117e-07,3,6,0,True,0.0,1.0,False
Shor,2,factor,1.0,77:8,1.492691112653117e-07,3,6,0,True,0.0,1.0,False
Shor,3,order,1.0,77:8,1.2398591639804431e-06,6,12,0,True,0.0,1.0,False
Shor,3,factor,1.0,77:8,1.2398591639804431e-06,6,12,0,True,0.0,1.0,False
Shor,0,order,1.0,91:9,0.0,0,0,0,True,0.0,1.0,True
Shor,0,factor,0.0,91:9,0.0,0,0,0,True,0.0,0.0,True
Shor,1,order,1.0,91:9,4.4252170888124513e-08,1,2,0,True,0.0,1.0,True
Shor,1,factor,0.0,91:9,4.4252170888124513e-08,1,2,0,True,0.0,0.0,True
Shor,2,order,1.0,91:9,3.356067885075518e-07,3,6,0,True,0.0,1.0,True
Shor,2,factor,0.0,91:9,3.356067885075518e-07,3,6,0,True,0.0,0.0,True
Shor,3,order,1.0,91:9,1.844637486586498e-06,6,12,0,True,0.0,1.0,False
Shor,3,factor,0.0,91:9,1.844637486586498e-06,6,12,0,True,0.0,0.0,False
Shor,0,order,0.984375,91:9,0.0,0,0,0,True,0.0,0.984375,True
Shor,0,factor,0.0,91:9,0.0,0,0,0,True,0.0,0.0,True
Shor,1,order,0.984375,91:9,4.060684518186256e-08,1,2,0,True,0.0,0.984375,True
Shor,1,factor,0.0,91:9,4.060684518186256e-08,1,2,0,True,0.0,0.0,True
Shor,2,order,0.984375,91:9,3.077363760405925e-07,3,6,0,True,0.0,0.984375,True
Shor,2,factor,0.0,91:9,3.077363760405925e-07,3,6,0,True,0.0,0.0,True
Shor,3,order,0.984375,91:9,1.6889638161493985e-06,6,12,0,True,0.0,0.984375,False
Shor,3,factor,0.0,91:9,1.6889638161493985e-06,6,12,0,True,0.0,0.0,False
Shor,0,order,1.0,91:9,0.0,0,0,0,True,0.0,1.0,True
Shor,0,factor,0.0,91:9,0.0,0,0,0,True,0.0,0.0,True
Shor,1,order,1.0,91:9,4.4252170888124513e-08,1,2,0,True,0.0,1.0,True
Shor,1,factor,0.0,91:9,4.4252170888124513e-08,1,2,0,True,0.0,0.0,True
Shor,2,order,1.0,91:9,3.356067885075518e-07,3,6,0,True,0.0,1.0,True
Shor,2,factor,0.0,91:9,3.356067885075518e-07,3,6,0,True,0.0,0.0,True
Shor,3,order,1.0,91:9,1.844637486586498e-06,6,12,0,True,0.0,1.0,False
Shor,3,factor,0.0,91:9,1.844637486586498e-06,6,12,0,True,0.0,0.0,False
Shor,0,order,1.0,91:9,0.0,0,0,0,True,0.0,1.0,True
Shor,0,factor,0.0,91:9,0.0,0,0,0,True,0.0,0.0,True
Shor,1,order,1.0,91:9,4.060684518186256e-08,1,2,0,True,0.0,1.0,True
Shor,1,factor,0.0,91:9,4.060684518186256e-08,1,2,0,True,0.0,0.0,True
Shor,2,order,1.0,91:9,3.077363760405925e-07,3,6,0,True,0.0,1.0,True
Shor,2,factor,0.0,91:9,3.077363760405925e-07,3,6,0,True,0.0,0.0,True
Shor,3,order,1.0,91:9,1.6889638161493985e-06,6,12,0,True,0.0,1.0,False
Shor,3,factor,0.0,91:9,1.6889638161493985e-06,6,12,0,True,0.0,0.0,False
Shor,0,order,1.0,91:9,0.0,0,0,0,True,0.0,1.0,True
Shor,0,factor,0.0,91:9,0.0,0,0,0,True,0.0,0.0,True
Shor,1,order,1.0,91:9,4.4252170888124513e-08,1,2,0,True,0.0,1.0,True
Shor,1,factor,0.0,91:9,4.4252170888124513e-08,1,2,0,True,0.0,0.0,True
Shor,2,order,1.0,91:9,3.356067885075518e-07,3,6,0,True,0.0,1.0,False
Shor,2,factor,0.0,91:9,3.356067885075518e-07,3,6,0,True,0.0,0.0,False
Shor,3,order,1.0,91:9,1.844637486586498e-06,6,12,0,True,0.0,1.0,False
Shor,3,factor,0.0,91:9,1.844637486586498e-06,6,12,0,True,0.0,0.0,False
Shor,0,order,1.0,91:9,0.0,0,0,0,True,0.0,1.0,True
Shor,0,factor,0.0,91:9,0.0,0,0,0,True,0.0,0.0,True
Shor,1,order,1.0,91:9,4.060684518186256e-08,1,2,0,True,0.0,1.0,True
Shor,1,factor,0.0,91:9,4.060684518186256e-08,1,2,0,True,0.0,0.0,True
Shor,2,order,1.0,91:9,3.077363760405925e-07,3,6,0,True,0.0,1.0,False
Shor,2,factor,0.0,91:9,3.077363760405925e-07,3,6,0,True,0.0,0.0,False
Shor,3,order,1.0,91:9,1.6889638161493985e-06,6,12,0,True,0.0,1.0,False
Shor,3,factor,0.0,91:9,1.6889638161493985e-06,6,12,0,True,0.0,0.0,False
Regev,2,L_minus_L0,0.25,55:A_uniform_hard_box:M8,0.2991246164367364,6,12,14,False,-0.1875,0.0625,False
Regev,2,factor,0.25,55:A_uniform_hard_box:M8,0.2991246164367364,6,12,14,False,-0.1875,0.0625,False
Regev,1,L_minus_L0,0.25,55:A_uniform_hard_box:M8,0.0989293039367364,2,4,2,False,-0.0625,0.1875,False
Regev,1,factor,0.25,55:A_uniform_hard_box:M8,0.0989293039367364,2,4,2,False,-0.0625,0.1875,False
Regev,0,L_minus_L0,0.25,55:A_uniform_hard_box:M8,0.0,0,0,0,True,0.0,0.25,True
Regev,0,factor,0.25,55:A_uniform_hard_box:M8,0.0,0,0,0,True,0.0,0.25,True
Regev,2,L_minus_L0,0.171875,55:B_exact_finite_discrete_gaussian:M8,0.2489102844485841,6,12,14,False,-0.140625,0.03125,False
Regev,2,factor,0.171875,55:B_exact_finite_discrete_gaussian:M8,0.2489102844485841,6,12,14,False,-0.140625,0.03125,False
Regev,1,L_minus_L0,0.171875,55:B_exact_finite_discrete_gaussian:M8,0.0825452366121776,2,4,2,False,-0.03125,0.140625,False
Regev,1,factor,0.171875,55:B_exact_finite_discrete_gaussian:M8,0.0825452366121776,2,4,2,False,-0.03125,0.140625,False
Regev,0,L_minus_L0,0.171875,55:B_exact_finite_discrete_gaussian:M8,0.0,0,0,0,True,0.0,0.171875,True
Regev,0,factor,0.171875,55:B_exact_finite_discrete_gaussian:M8,0.0,0,0,0,True,0.0,0.171875,True
Regev,3,L_minus_L0,0.4375,55:A_uniform_hard_box:M16,0.5512260265753941,12,24,22,False,-0.421875,0.015625,False
Regev,3,factor,0.4375,55:A_uniform_hard_box:M16,0.5512260265753941,12,24,22,False,-0.421875,0.015625,False
Regev,2,L_minus_L0,0.4375,55:A_uniform_hard_box:M16,0.269797038129302,6,12,4,False,-0.390625,0.046875,False
Regev,2,factor,0.4375,55:A_uniform_hard_box:M16,0.269797038129302,6,12,4,False,-0.390625,0.046875,False
Regev,1,L_minus_L0,0.4375,55:A_uniform_hard_box:M16,0.0371420491751697,2,4,0,False,-0.03125,0.40625,False
Regev,1,factor,0.4375,55:A_uniform_hard_box:M16,0.0371420491751697,2,4,0,False,-0.03125,0.40625,False
Regev,0,L_minus_L0,0.4375,55:A_uniform_hard_box:M16,0.0,0,0,0,True,0.0,0.4375,True
Regev,0,factor,0.4375,55:A_uniform_hard_box:M16,0.0,0,0,0,True,0.0,0.4375,True
Regev,3,L_minus_L0,0.078125,55:B_exact_finite_discrete_gaussian:M16,0.3501792145963074,12,24,22,False,-0.0625,0.015625,False
Regev,3,factor,0.078125,55:B_exact_finite_discrete_gaussian:M16,0.3501792145963074,12,24,22,False,-0.0625,0.015625,False
Regev,2,L_minus_L0,0.078125,55:B_exact_finite_discrete_gaussian:M16,0.1582274513814511,6,12,4,False,-0.0625,0.015625,False
Regev,2,factor,0.078125,55:B_exact_finite_discrete_gaussian:M16,0.1582274513814511,6,12,4,False,-0.0625,0.015625,False
Regev,1,L_minus_L0,0.078125,55:B_exact_finite_discrete_gaussian:M16,0.0226330821180294,2,4,0,False,-0.015625,0.0625,False
Regev,1,factor,0.078125,55:B_exact_finite_discrete_gaussian:M16,0.0226330821180294,2,4,0,False,-0.015625,0.0625,False
Regev,0,L_minus_L0,0.078125,55:B_exact_finite_discrete_gaussian:M16,0.0,0,0,0,True,0.0,0.078125,True
Regev,0,factor,0.078125,55:B_exact_finite_discrete_gaussian:M16,0.0,0,0,0,True,0.0,0.078125,True
Regev,4,L_minus_L0,0.453125,55:A_uniform_hard_box:M32,0.6846711717648164,20,40,30,False,-0.421875,0.03125,False
Regev,4,factor,0.453125,55:A_uniform_hard_box:M32,0.6846711717648164,20,40,30,False,-0.421875,0.03125,False
Regev,3,L_minus_L0,0.453125,55:A_uniform_hard_box:M32,0.4172504874939392,12,24,6,False,-0.328125,0.125,False
Regev,3,factor,0.453125,55:A_uniform_hard_box:M32,0.4172504874939392,12,24,6,False,-0.328125,0.125,False
Regev,2,L_minus_L0,0.453125,55:A_uniform_hard_box:M32,0.0987696668463438,6,12,0,False,-0.203125,0.25,False
Regev,2,factor,0.453125,55:A_uniform_hard_box:M32,0.0987696668463438,6,12,0,False,-0.203125,0.25,False
Regev,1,L_minus_L0,0.453125,55:A_uniform_hard_box:M32,0.0115614947403641,2,4,0,False,-0.046875,0.40625,False
Regev,1,factor,0.453125,55:A_uniform_hard_box:M32,0.0115614947403641,2,4,0,False,-0.046875,0.40625,False
Regev,0,L_minus_L0,0.453125,55:A_uniform_hard_box:M32,0.0,0,0,0,True,0.0,0.453125,True
Regev,0,factor,0.453125,55:A_uniform_hard_box:M32,0.0,0,0,0,True,0.0,0.453125,True
Regev,4,L_minus_L0,0.140625,55:B_exact_finite_discrete_gaussian:M32,0.3648607277746113,20,40,30,False,-0.125,0.015625,False
Regev,4,factor,0.140625,55:B_exact_finite_discrete_gaussian:M32,0.3648607277746113,20,40,30,False,-0.125,0.015625,False
Regev,3,L_minus_L0,0.140625,55:B_exact_finite_discrete_gaussian:M32,0.2567607569203075,12,24,6,False,-0.140625,0.0,False
Regev,3,factor,0.140625,55:B_exact_finite_discrete_gaussian:M32,0.2567607569203075,12,24,6,False,-0.140625,0.0,False
Regev,2,L_minus_L0,0.140625,55:B_exact_finite_discrete_gaussian:M32,0.0522819889040022,6,12,0,False,-0.046875,0.09375,False
Regev,2,factor,0.140625,55:B_exact_finite_discrete_gaussian:M32,0.0522819889040022,6,12,0,False,-0.046875,0.09375,False
Regev,1,L_minus_L0,0.140625,55:B_exact_finite_discrete_gaussian:M32,0.0057483202944732,2,4,0,True,0.015625,0.15625,False
Regev,1,factor,0.140625,55:B_exact_finite_discrete_gaussian:M32,0.0057483202944732,2,4,0,True,0.015625,0.15625,False
Regev,0,L_minus_L0,0.140625,55:B_exact_finite_discrete_gaussian:M32,0.0,0,0,0,True,0.0,0.140625,True
Regev,0,factor,0.140625,55:B_exact_finite_discrete_gaussian:M32,0.0,0,0,0,True,0.0,0.140625,True
Regev,2,L_minus_L0,0.546875,65:A_uniform_hard_box:M8,0.2031249999999999,6,12,14,False,-0.21875,0.328125,False
Regev,2,factor,0.546875,65:A_uniform_hard_box:M8,0.2031249999999999,6,12,14,False,-0.21875,0.328125,False
Regev,1,L_minus_L0,0.546875,65:A_uniform_hard_box:M8,5.898059818321144e-17,2,4,2,True,0.0,0.546875,False
Regev,1,factor,0.546875,65:A_uniform_hard_box:M8,5.898059818321144e-17,2,4,2,True,0.0,0.546875,False
Regev,0,L_minus_L0,0.546875,65:A_uniform_hard_box:M8,0.0,0,0,0,True,0.0,0.546875,True
Regev,0,factor,0.546875,65:A_uniform_hard_box:M8,0.0,0,0,0,True,0.0,0.546875,True
Regev,2,L_minus_L0,0.453125,65:B_exact_finite_discrete_gaussian:M8,0.1515249284817296,6,12,14,False,-0.234375,0.21875,False
Regev,2,factor,0.453125,65:B_exact_finite_discrete_gaussian:M8,0.1515249284817296,6,12,14,False,-0.234375,0.21875,False
Regev,1,L_minus_L0,0.453125,65:B_exact_finite_discrete_gaussian:M8,5.551115123125783e-17,2,4,2,True,0.0,0.453125,False
Regev,1,factor,0.453125,65:B_exact_finite_discrete_gaussian:M8,5.551115123125783e-17,2,4,2,True,0.0,0.453125,False
Regev,0,L_minus_L0,0.453125,65:B_exact_finite_discrete_gaussian:M8,0.0,0,0,0,True,0.0,0.453125,True
Regev,0,factor,0.453125,65:B_exact_finite_discrete_gaussian:M8,0.0,0,0,0,True,0.0,0.453125,True
Regev,3,L_minus_L0,0.625,65:A_uniform_hard_box:M16,0.4697201856149429,12,24,22,False,-0.46875,0.15625,False
Regev,3,factor,0.625,65:A_uniform_hard_box:M16,0.4697201856149429,12,24,22,False,-0.46875,0.15625,False
Regev,2,L_minus_L0,0.625,65:A_uniform_hard_box:M16,0.1241355375129504,6,12,4,False,-0.1875,0.4375,False
Regev,2,factor,0.625,65:A_uniform_hard_box:M16,0.1241355375129504,6,12,4,False,-0.1875,0.4375,False
Regev,1,L_minus_L0,0.625,65:A_uniform_hard_box:M16,4.381532029557045e-17,2,4,0,True,0.0,0.625,False
Regev,1,factor,0.625,65:A_uniform_hard_box:M16,4.381532029557045e-17,2,4,0,True,0.0,0.625,False
Regev,0,L_minus_L0,0.625,65:A_uniform_hard_box:M16,0.0,0,0,0,True,0.0,0.625,True
Regev,0,factor,0.625,65:A_uniform_hard_box:M16,0.0,0,0,0,True,0.0,0.625,True
Regev,3,L_minus_L0,0.4375,65:B_exact_finite_discrete_gaussian:M16,0.3208233895067516,12,24,22,False,-0.265625,0.171875,False
Regev,3,factor,0.4375,65:B_exact_finite_discrete_gaussian:M16,0.3208233895067516,12,24,22,False,-0.265625,0.171875,False
Regev,2,L_minus_L0,0.4375,65:B_exact_finite_discrete_gaussian:M16,0.080169893002558,6,12,4,False,-0.125,0.3125,False
Regev,2,factor,0.4375,65:B_exact_finite_discrete_gaussian:M16,0.080169893002558,6,12,4,False,-0.125,0.3125,False
Regev,1,L_minus_L0,0.4375,65:B_exact_finite_discrete_gaussian:M16,4.6620693416876684e-17,2,4,0,True,0.0,0.4375,False
Regev,1,factor,0.4375,65:B_exact_finite_discrete_gaussian:M16,4.6620693416876684e-17,2,4,0,True,0.0,0.4375,False
Regev,0,L_minus_L0,0.4375,65:B_exact_finite_discrete_gaussian:M16,0.0,0,0,0,True,0.0,0.4375,True
Regev,0,factor,0.4375,65:B_exact_finite_discrete_gaussian:M16,0.0,0,0,0,True,0.0,0.4375,True
Regev,4,L_minus_L0,0.71875,65:A_uniform_hard_box:M32,0.5604639132149054,20,40,30,False,-0.578125,0.140625,False
Regev,4,factor,0.71875,65:A_uniform_hard_box:M32,0.5604639132149054,20,40,30,False,-0.578125,0.140625,False
Regev,3,L_minus_L0,0.71875,65:A_uniform_hard_box:M32,0.2668790230754594,12,24,6,False,-0.328125,0.390625,False
Regev,3,factor,0.71875,65:A_uniform_hard_box:M32,0.2668790230754594,12,24,6,False,-0.328125,0.390625,False
Regev,2,L_minus_L0,0.71875,65:A_uniform_hard_box:M32,0.0417118207077098,6,12,0,False,-0.046875,0.671875,False
Regev,2,factor,0.71875,65:A_uniform_hard_box:M32,0.0417118207077098,6,12,0,False,-0.046875,0.671875,False
Regev,1,L_minus_L0,0.71875,65:A_uniform_hard_box:M32,1.3233195734953934e-17,2,4,0,True,0.0,0.71875,False
Regev,1,factor,0.71875,65:A_uniform_hard_box:M32,1.3233195734953934e-17,2,4,0,True,0.0,0.71875,False
Regev,0,L_minus_L0,0.71875,65:A_uniform_hard_box:M32,0.0,0,0,0,True,0.0,0.71875,True
Regev,0,factor,0.71875,65:A_uniform_hard_box:M32,0.0,0,0,0,True,0.0,0.71875,True
Regev,4,L_minus_L0,0.328125,65:B_exact_finite_discrete_gaussian:M32,0.3246937832110579,20,40,30,False,-0.21875,0.109375,False
Regev,4,factor,0.328125,65:B_exact_finite_discrete_gaussian:M32,0.3246937832110579,20,40,30,False,-0.21875,0.109375,False
Regev,3,L_minus_L0,0.328125,65:B_exact_finite_discrete_gaussian:M32,0.2107605743126331,12,24,6,False,-0.203125,0.125,False
Regev,3,factor,0.328125,65:B_exact_finite_discrete_gaussian:M32,0.2107605743126331,12,24,6,False,-0.203125,0.125,False
Regev,2,L_minus_L0,0.328125,65:B_exact_finite_discrete_gaussian:M32,0.0269392352069389,6,12,0,False,-0.0625,0.265625,False
Regev,2,factor,0.328125,65:B_exact_finite_discrete_gaussian:M32,0.0269392352069389,6,12,0,False,-0.0625,0.265625,False
Regev,1,L_minus_L0,0.328125,65:B_exact_finite_discrete_gaussian:M32,8.559776151773058e-17,2,4,0,True,0.0,0.328125,False
Regev,1,factor,0.328125,65:B_exact_finite_discrete_gaussian:M32,8.559776151773058e-17,2,4,0,True,0.0,0.328125,False
Regev,0,L_minus_L0,0.328125,65:B_exact_finite_discrete_gaussian:M32,0.0,0,0,0,True,0.0,0.328125,True
Regev,0,factor,0.328125,65:B_exact_finite_discrete_gaussian:M32,0.0,0,0,0,True,0.0,0.328125,True
Regev,2,L_minus_L0,0.03125,85:A_uniform_hard_box:M8,0.0,6,12,14,True,0.0,0.03125,False
Regev,2,factor,0.03125,85:A_uniform_hard_box:M8,0.0,6,12,14,True,0.0,0.03125,False
Regev,1,L_minus_L0,0.03125,85:A_uniform_hard_box:M8,0.0,2,4,2,True,0.0,0.03125,False
Regev,1,factor,0.03125,85:A_uniform_hard_box:M8,0.0,2,4,2,True,0.0,0.03125,False
Regev,0,L_minus_L0,0.03125,85:A_uniform_hard_box:M8,0.0,0,0,0,True,0.0,0.03125,True
Regev,0,factor,0.03125,85:A_uniform_hard_box:M8,0.0,0,0,0,True,0.0,0.03125,True
Regev,2,L_minus_L0,0.015625,85:B_exact_finite_discrete_gaussian:M8,0.0282048410291927,6,12,14,False,0.0,0.015625,False
Regev,2,factor,0.015625,85:B_exact_finite_discrete_gaussian:M8,0.0282048410291927,6,12,14,False,0.0,0.015625,False
Regev,1,L_minus_L0,0.015625,85:B_exact_finite_discrete_gaussian:M8,0.0,2,4,2,True,0.0,0.015625,False
Regev,1,factor,0.015625,85:B_exact_finite_discrete_gaussian:M8,0.0,2,4,2,True,0.0,0.015625,False
Regev,0,L_minus_L0,0.015625,85:B_exact_finite_discrete_gaussian:M8,0.0,0,0,0,True,0.0,0.015625,True
Regev,0,factor,0.015625,85:B_exact_finite_discrete_gaussian:M8,0.0,0,0,0,True,0.0,0.015625,True
Regev,3,L_minus_L0,0.015625,85:A_uniform_hard_box:M16,4.1297882679821904e-34,12,24,22,True,0.0,0.015625,False
Regev,3,factor,0.015625,85:A_uniform_hard_box:M16,4.1297882679821904e-34,12,24,22,True,0.0,0.015625,False
Regev,2,L_minus_L0,0.015625,85:A_uniform_hard_box:M16,3.3891958414493998e-34,6,12,4,True,0.0,0.015625,False
Regev,2,factor,0.015625,85:A_uniform_hard_box:M16,3.3891958414493998e-34,6,12,4,True,0.0,0.015625,False
Regev,1,L_minus_L0,0.015625,85:A_uniform_hard_box:M16,1.5563913242878803e-34,2,4,0,True,0.0,0.015625,False
Regev,1,factor,0.015625,85:A_uniform_hard_box:M16,1.5563913242878803e-34,2,4,0,True,0.0,0.015625,False
Regev,0,L_minus_L0,0.015625,85:A_uniform_hard_box:M16,0.0,0,0,0,True,0.0,0.015625,True
Regev,0,factor,0.015625,85:A_uniform_hard_box:M16,0.0,0,0,0,True,0.0,0.015625,True
Regev,3,L_minus_L0,0.0,85:B_exact_finite_discrete_gaussian:M16,0.1822801213593045,12,24,22,False,0.0,0.0,False
Regev,3,factor,0.0,85:B_exact_finite_discrete_gaussian:M16,0.1822801213593045,12,24,22,False,0.0,0.0,False
Regev,2,L_minus_L0,0.0,85:B_exact_finite_discrete_gaussian:M16,0.0139062295327144,6,12,4,False,0.0,0.0,False
Regev,2,factor,0.0,85:B_exact_finite_discrete_gaussian:M16,0.0139062295327144,6,12,4,False,0.0,0.0,False
Regev,1,L_minus_L0,0.0,85:B_exact_finite_discrete_gaussian:M16,3.2959746043559335e-17,2,4,0,True,0.0,0.0,False
Regev,1,factor,0.0,85:B_exact_finite_discrete_gaussian:M16,3.2959746043559335e-17,2,4,0,True,0.0,0.0,False
Regev,0,L_minus_L0,0.0,85:B_exact_finite_discrete_gaussian:M16,0.0,0,0,0,True,0.0,0.0,True
Regev,0,factor,0.0,85:B_exact_finite_discrete_gaussian:M16,0.0,0,0,0,True,0.0,0.0,True
Regev,4,L_minus_L0,0.0,85:A_uniform_hard_box:M32,3.05311331771918e-16,20,40,30,True,0.0,0.0,False
Regev,4,factor,0.0,85:A_uniform_hard_box:M32,3.05311331771918e-16,20,40,30,True,0.0,0.0,False
Regev,3,L_minus_L0,0.0,85:A_uniform_hard_box:M32,3.05311331771918e-16,12,24,6,True,0.0,0.0,False
Regev,3,factor,0.0,85:A_uniform_hard_box:M32,3.05311331771918e-16,12,24,6,True,0.0,0.0,False
Regev,2,L_minus_L0,0.0,85:A_uniform_hard_box:M32,3.872994677349595e-33,6,12,0,True,0.0,0.0,False
Regev,2,factor,0.0,85:A_uniform_hard_box:M32,3.872994677349595e-33,6,12,0,True,0.0,0.0,False
Regev,1,L_minus_L0,0.0,85:A_uniform_hard_box:M32,1.891007700355564e-33,2,4,0,True,0.0,0.0,False
Regev,1,factor,0.0,85:A_uniform_hard_box:M32,1.891007700355564e-33,2,4,0,True,0.0,0.0,False
Regev,0,L_minus_L0,0.0,85:A_uniform_hard_box:M32,0.0,0,0,0,True,0.0,0.0,True
Regev,0,factor,0.0,85:A_uniform_hard_box:M32,0.0,0,0,0,True,0.0,0.0,True
Regev,4,L_minus_L0,0.0,85:B_exact_finite_discrete_gaussian:M32,0.2692104553298701,20,40,30,False,0.0,0.0,False
Regev,4,factor,0.0,85:B_exact_finite_discrete_gaussian:M32,0.2692104553298701,20,40,30,False,0.0,0.0,False
Regev,3,L_minus_L0,0.0,85:B_exact_finite_discrete_gaussian:M32,0.0871648924715762,12,24,6,False,0.0,0.0,False
Regev,3,factor,0.0,85:B_exact_finite_discrete_gaussian:M32,0.0871648924715762,12,24,6,False,0.0,0.0,False
Regev,2,L_minus_L0,0.0,85:B_exact_finite_discrete_gaussian:M32,0.0062011052355232,6,12,0,True,0.0,0.0,False
Regev,2,factor,0.0,85:B_exact_finite_discrete_gaussian:M32,0.0062011052355232,6,12,0,True,0.0,0.0,False
Regev,1,L_minus_L0,0.0,85:B_exact_finite_discrete_gaussian:M32,7.32920668600201e-17,2,4,0,True,0.0,0.0,False
Regev,1,factor,0.0,85:B_exact_finite_discrete_gaussian:M32,7.32920668600201e-17,2,4,0,True,0.0,0.0,False
Regev,0,L_minus_L0,0.0,85:B_exact_finite_discrete_gaussian:M32,0.0,0,0,0,True,0.0,0.0,True
Regev,0,factor,0.0,85:B_exact_finite_discrete_gaussian:M32,0.0,0,0,0,True,0.0,0.0,True
Regev,2,L_minus_L0,0.0,95:A_uniform_hard_box:M8,0.2623552769683682,6,12,14,False,0.0,0.0,False
Regev,2,factor,0.0,95:A_uniform_hard_box:M8,0.2623552769683682,6,12,14,False,0.0,0.0,False
Regev,1,L_minus_L0,0.0,95:A_uniform_hard_box:M8,0.0801832497444577,2,4,2,False,0.0,0.0,False
Regev,1,factor,0.0,95:A_uniform_hard_box:M8,0.0801832497444577,2,4,2,False,0.0,0.0,False
Regev,0,L_minus_L0,0.0,95:A_uniform_hard_box:M8,0.0,0,0,0,True,0.0,0.0,True
Regev,0,factor,0.0,95:A_uniform_hard_box:M8,0.0,0,0,0,True,0.0,0.0,True
Regev,2,L_minus_L0,0.0,95:B_exact_finite_discrete_gaussian:M8,0.0797893137211828,6,12,14,False,0.0,0.0,False
Regev,2,factor,0.0,95:B_exact_finite_discrete_gaussian:M8,0.0797893137211828,6,12,14,False,0.0,0.0,False
Regev,1,L_minus_L0,0.0,95:B_exact_finite_discrete_gaussian:M8,0.0300319956134718,2,4,2,False,0.0,0.0,False
Regev,1,factor,0.0,95:B_exact_finite_discrete_gaussian:M8,0.0300319956134718,2,4,2,False,0.0,0.0,False
Regev,0,L_minus_L0,0.0,95:B_exact_finite_discrete_gaussian:M8,0.0,0,0,0,True,0.0,0.0,True
Regev,0,factor,0.0,95:B_exact_finite_discrete_gaussian:M8,0.0,0,0,0,True,0.0,0.0,True
Regev,3,L_minus_L0,0.0,95:A_uniform_hard_box:M16,0.5629997531179902,12,24,22,False,0.0,0.0,False
Regev,3,factor,0.0,95:A_uniform_hard_box:M16,0.5629997531179902,12,24,22,False,0.0,0.0,False
Regev,2,L_minus_L0,0.0,95:A_uniform_hard_box:M16,0.2462645858210476,6,12,4,False,0.0,0.0,False
Regev,2,factor,0.0,95:A_uniform_hard_box:M16,0.2462645858210476,6,12,4,False,0.0,0.0,False
Regev,1,L_minus_L0,0.0,95:A_uniform_hard_box:M16,0.0348952723966003,2,4,0,False,0.0,0.0,False
Regev,1,factor,0.0,95:A_uniform_hard_box:M16,0.0348952723966003,2,4,0,False,0.0,0.0,False
Regev,0,L_minus_L0,0.0,95:A_uniform_hard_box:M16,0.0,0,0,0,True,0.0,0.0,True
Regev,0,factor,0.0,95:A_uniform_hard_box:M16,0.0,0,0,0,True,0.0,0.0,True
Regev,3,L_minus_L0,0.0,95:B_exact_finite_discrete_gaussian:M16,0.1453027360187533,12,24,22,False,0.0,0.0,False
Regev,3,factor,0.0,95:B_exact_finite_discrete_gaussian:M16,0.1453027360187533,12,24,22,False,0.0,0.0,False
Regev,2,L_minus_L0,0.0,95:B_exact_finite_discrete_gaussian:M16,0.0559896476357775,6,12,4,False,0.0,0.0,False
Regev,2,factor,0.0,95:B_exact_finite_discrete_gaussian:M16,0.0559896476357775,6,12,4,False,0.0,0.0,False
Regev,1,L_minus_L0,0.0,95:B_exact_finite_discrete_gaussian:M16,0.0084931923008239,2,4,0,False,0.0,0.0,False
Regev,1,factor,0.0,95:B_exact_finite_discrete_gaussian:M16,0.0084931923008239,2,4,0,False,0.0,0.0,False
Regev,0,L_minus_L0,0.0,95:B_exact_finite_discrete_gaussian:M16,0.0,0,0,0,True,0.0,0.0,True
Regev,0,factor,0.0,95:B_exact_finite_discrete_gaussian:M16,0.0,0,0,0,True,0.0,0.0,True
Regev,4,L_minus_L0,0.0,95:A_uniform_hard_box:M32,0.7413858489016623,20,40,30,False,0.0,0.0,False
Regev,4,factor,0.0,95:A_uniform_hard_box:M32,0.7413858489016623,20,40,30,False,0.0,0.0,False
Regev,3,L_minus_L0,0.0,95:A_uniform_hard_box:M32,0.4366893892552065,12,24,6,False,0.0,0.0,False
Regev,3,factor,0.0,95:A_uniform_hard_box:M32,0.4366893892552065,12,24,6,False,0.0,0.0,False
Regev,2,L_minus_L0,0.0,95:A_uniform_hard_box:M32,0.0956494289764099,6,12,0,False,0.0,0.0,False
Regev,2,factor,0.0,95:A_uniform_hard_box:M32,0.0956494289764099,6,12,0,False,0.0,0.0,False
Regev,1,L_minus_L0,0.0,95:A_uniform_hard_box:M32,0.0113631210250419,2,4,0,False,0.0,0.0,False
Regev,1,factor,0.0,95:A_uniform_hard_box:M32,0.0113631210250419,2,4,0,False,0.0,0.0,False
Regev,0,L_minus_L0,0.0,95:A_uniform_hard_box:M32,0.0,0,0,0,True,0.0,0.0,True
Regev,0,factor,0.0,95:A_uniform_hard_box:M32,0.0,0,0,0,True,0.0,0.0,True
Regev,4,L_minus_L0,0.0,95:B_exact_finite_discrete_gaussian:M32,0.1550562295278651,20,40,30,False,0.0,0.0,False
Regev,4,factor,0.0,95:B_exact_finite_discrete_gaussian:M32,0.1550562295278651,20,40,30,False,0.0,0.0,False
Regev,3,L_minus_L0,0.0,95:B_exact_finite_discrete_gaussian:M32,0.1009646805690676,12,24,6,False,0.0,0.0,False
Regev,3,factor,0.0,95:B_exact_finite_discrete_gaussian:M32,0.1009646805690676,12,24,6,False,0.0,0.0,False
Regev,2,L_minus_L0,0.0,95:B_exact_finite_discrete_gaussian:M32,0.0178159978388175,6,12,0,False,0.0,0.0,False
Regev,2,factor,0.0,95:B_exact_finite_discrete_gaussian:M32,0.0178159978388175,6,12,0,False,0.0,0.0,False
Regev,1,L_minus_L0,0.0,95:B_exact_finite_discrete_gaussian:M32,0.0021728139987639,2,4,0,True,0.0,0.0,False
Regev,1,factor,0.0,95:B_exact_finite_discrete_gaussian:M32,0.0021728139987639,2,4,0,True,0.0,0.0,False
Regev,0,L_minus_L0,0.0,95:B_exact_finite_discrete_gaussian:M32,0.0,0,0,0,True,0.0,0.0,True
Regev,0,factor,0.0,95:B_exact_finite_discrete_gaussian:M32,0.0,0,0,0,True,0.0,0.0,True
Regev,2,L_minus_L0,0.125,115:A_uniform_hard_box:M8,0.3242088854806966,6,12,14,False,-0.109375,0.015625,False
Regev,2,factor,0.125,115:A_uniform_hard_box:M8,0.3242088854806966,6,12,14,False,-0.109375,0.015625,False
Regev,1,L_minus_L0,0.125,115:A_uniform_hard_box:M8,0.1036614045885424,2,4,2,False,-0.03125,0.09375,False
Regev,1,factor,0.125,115:A_uniform_hard_box:M8,0.1036614045885424,2,4,2,False,-0.03125,0.09375,False
Regev,0,L_minus_L0,0.125,115:A_uniform_hard_box:M8,0.0,0,0,0,True,0.0,0.125,True
Regev,0,factor,0.125,115:A_uniform_hard_box:M8,0.0,0,0,0,True,0.0,0.125,True
Regev,2,L_minus_L0,0.078125,115:B_exact_finite_discrete_gaussian:M8,0.1979179884709532,6,12,14,False,-0.0625,0.015625,False
Regev,2,factor,0.078125,115:B_exact_finite_discrete_gaussian:M8,0.1979179884709532,6,12,14,False,-0.0625,0.015625,False
Regev,1,L_minus_L0,0.078125,115:B_exact_finite_discrete_gaussian:M8,0.0606220531249819,2,4,2,False,0.015625,0.09375,False
Regev,1,factor,0.078125,115:B_exact_finite_discrete_gaussian:M8,0.0606220531249819,2,4,2,False,0.015625,0.09375,False
Regev,0,L_minus_L0,0.078125,115:B_exact_finite_discrete_gaussian:M8,0.0,0,0,0,True,0.0,0.078125,True
Regev,0,factor,0.078125,115:B_exact_finite_discrete_gaussian:M8,0.0,0,0,0,True,0.0,0.078125,True
Regev,3,L_minus_L0,0.28125,115:A_uniform_hard_box:M16,0.562385161923886,12,24,22,False,-0.28125,0.0,False
Regev,3,factor,0.28125,115:A_uniform_hard_box:M16,0.562385161923886,12,24,22,False,-0.28125,0.0,False
Regev,2,L_minus_L0,0.28125,115:A_uniform_hard_box:M16,0.257161091091546,6,12,4,False,-0.171875,0.109375,False
Regev,2,factor,0.28125,115:A_uniform_hard_box:M16,0.257161091091546,6,12,4,False,-0.171875,0.109375,False
Regev,1,L_minus_L0,0.28125,115:A_uniform_hard_box:M16,0.0362043665035012,2,4,0,False,-0.015625,0.265625,False
Regev,1,factor,0.28125,115:A_uniform_hard_box:M16,0.0362043665035012,2,4,0,False,-0.015625,0.265625,False
Regev,0,L_minus_L0,0.28125,115:A_uniform_hard_box:M16,0.0,0,0,0,True,0.0,0.28125,True
Regev,0,factor,0.28125,115:A_uniform_hard_box:M16,0.0,0,0,0,True,0.0,0.28125,True
Regev,3,L_minus_L0,0.15625,115:B_exact_finite_discrete_gaussian:M16,0.2303007120394827,12,24,22,False,-0.125,0.03125,False
Regev,3,factor,0.15625,115:B_exact_finite_discrete_gaussian:M16,0.2303007120394827,12,24,22,False,-0.125,0.03125,False
Regev,2,L_minus_L0,0.15625,115:B_exact_finite_discrete_gaussian:M16,0.1209692522621244,6,12,4,False,-0.109375,0.046875,False
Regev,2,factor,0.15625,115:B_exact_finite_discrete_gaussian:M16,0.1209692522621244,6,12,4,False,-0.109375,0.046875,False
Regev,1,L_minus_L0,0.15625,115:B_exact_finite_discrete_gaussian:M16,0.017635261533957,2,4,0,False,-0.015625,0.140625,False
Regev,1,factor,0.15625,115:B_exact_finite_discrete_gaussian:M16,0.017635261533957,2,4,0,False,-0.015625,0.140625,False
Regev,0,L_minus_L0,0.15625,115:B_exact_finite_discrete_gaussian:M16,0.0,0,0,0,True,0.0,0.15625,True
Regev,0,factor,0.15625,115:B_exact_finite_discrete_gaussian:M16,0.0,0,0,0,True,0.0,0.15625,True
Regev,4,L_minus_L0,0.421875,115:A_uniform_hard_box:M32,0.7299673710608141,20,40,30,False,-0.359375,0.0625,False
Regev,4,factor,0.421875,115:A_uniform_hard_box:M32,0.7299673710608141,20,40,30,False,-0.359375,0.0625,False
Regev,3,L_minus_L0,0.421875,115:A_uniform_hard_box:M32,0.4320339383956716,12,24,6,False,-0.328125,0.09375,False
Regev,3,factor,0.421875,115:A_uniform_hard_box:M32,0.4320339383956716,12,24,6,False,-0.328125,0.09375,False
Regev,2,L_minus_L0,0.421875,115:A_uniform_hard_box:M32,0.0969361756715133,6,12,0,False,-0.15625,0.265625,False
Regev,2,factor,0.421875,115:A_uniform_hard_box:M32,0.0969361756715133,6,12,0,False,-0.15625,0.265625,False
Regev,1,L_minus_L0,0.421875,115:A_uniform_hard_box:M32,0.0116063414905208,2,4,0,False,0.0,0.421875,False
Regev,1,factor,0.421875,115:A_uniform_hard_box:M32,0.0116063414905208,2,4,0,False,0.0,0.421875,False
Regev,0,L_minus_L0,0.421875,115:A_uniform_hard_box:M32,0.0,0,0,0,True,0.0,0.421875,True
Regev,0,factor,0.421875,115:A_uniform_hard_box:M32,0.0,0,0,0,True,0.0,0.421875,True
Regev,4,L_minus_L0,0.09375,115:B_exact_finite_discrete_gaussian:M32,0.2592076317148962,20,40,30,False,-0.078125,0.015625,False
Regev,4,factor,0.09375,115:B_exact_finite_discrete_gaussian:M32,0.2592076317148962,20,40,30,False,-0.078125,0.015625,False
Regev,3,L_minus_L0,0.09375,115:B_exact_finite_discrete_gaussian:M32,0.185906248008413,12,24,6,False,-0.0625,0.03125,False
Regev,3,factor,0.09375,115:B_exact_finite_discrete_gaussian:M32,0.185906248008413,12,24,6,False,-0.0625,0.03125,False
Regev,2,L_minus_L0,0.09375,115:B_exact_finite_discrete_gaussian:M32,0.0407379069077184,6,12,0,False,-0.03125,0.0625,False
Regev,2,factor,0.09375,115:B_exact_finite_discrete_gaussian:M32,0.0407379069077184,6,12,0,False,-0.03125,0.0625,False
Regev,1,L_minus_L0,0.09375,115:B_exact_finite_discrete_gaussian:M32,0.0045510956287631,2,4,0,True,0.015625,0.109375,False
Regev,1,factor,0.09375,115:B_exact_finite_discrete_gaussian:M32,0.0045510956287631,2,4,0,True,0.015625,0.109375,False
Regev,0,L_minus_L0,0.09375,115:B_exact_finite_discrete_gaussian:M32,0.0,0,0,0,True,0.0,0.09375,True
Regev,0,factor,0.09375,115:B_exact_finite_discrete_gaussian:M32,0.0,0,0,0,True,0.0,0.09375,True
Regev,2,L_minus_L0,0.0,119:A_uniform_hard_box:M8,0.201391989008219,6,12,14,False,0.0,0.0,False
Regev,2,factor,0.0,119:A_uniform_hard_box:M8,0.201391989008219,6,12,14,False,0.0,0.0,False
Regev,1,L_minus_L0,0.0,119:A_uniform_hard_box:M8,0.0390625,2,4,2,False,0.0,0.0,False
Regev,1,factor,0.0,119:A_uniform_hard_box:M8,0.0390625,2,4,2,False,0.0,0.0,False
Regev,0,L_minus_L0,0.0,119:A_uniform_hard_box:M8,0.0,0,0,0,True,0.0,0.0,True
Regev,0,factor,0.0,119:A_uniform_hard_box:M8,0.0,0,0,0,True,0.0,0.0,True
Regev,2,L_minus_L0,0.0,119:B_exact_finite_discrete_gaussian:M8,0.0252239256973616,6,12,14,False,0.0,0.0,False
Regev,2,factor,0.0,119:B_exact_finite_discrete_gaussian:M8,0.0252239256973616,6,12,14,False,0.0,0.0,False
Regev,1,L_minus_L0,0.0,119:B_exact_finite_discrete_gaussian:M8,0.005213092330709,2,4,2,True,0.0,0.0,False
Regev,1,factor,0.0,119:B_exact_finite_discrete_gaussian:M8,0.005213092330709,2,4,2,True,0.0,0.0,False
Regev,0,L_minus_L0,0.0,119:B_exact_finite_discrete_gaussian:M8,0.0,0,0,0,True,0.0,0.0,True
Regev,0,factor,0.0,119:B_exact_finite_discrete_gaussian:M8,0.0,0,0,0,True,0.0,0.0,True
Regev,3,L_minus_L0,0.0,119:A_uniform_hard_box:M16,0.4102233085424146,12,24,22,False,0.0,0.0,False
Regev,3,factor,0.0,119:A_uniform_hard_box:M16,0.4102233085424146,12,24,22,False,0.0,0.0,False
Regev,2,L_minus_L0,0.0,119:A_uniform_hard_box:M16,0.1485441834148769,6,12,4,False,0.0,0.0,False
Regev,2,factor,0.0,119:A_uniform_hard_box:M16,0.1485441834148769,6,12,4,False,0.0,0.0,False
Regev,1,L_minus_L0,0.0,119:A_uniform_hard_box:M16,0.0149408167688042,2,4,0,False,0.0,0.0,False
Regev,1,factor,0.0,119:A_uniform_hard_box:M16,0.0149408167688042,2,4,0,False,0.0,0.0,False
Regev,0,L_minus_L0,0.0,119:A_uniform_hard_box:M16,0.0,0,0,0,True,0.0,0.0,True
Regev,0,factor,0.0,119:A_uniform_hard_box:M16,0.0,0,0,0,True,0.0,0.0,True
Regev,3,L_minus_L0,0.0,119:B_exact_finite_discrete_gaussian:M16,0.1185272990789576,12,24,22,False,0.0,0.0,False
Regev,3,factor,0.0,119:B_exact_finite_discrete_gaussian:M16,0.1185272990789576,12,24,22,False,0.0,0.0,False
Regev,2,L_minus_L0,0.0,119:B_exact_finite_discrete_gaussian:M16,0.0205986302879796,6,12,4,False,0.0,0.0,False
Regev,2,factor,0.0,119:B_exact_finite_discrete_gaussian:M16,0.0205986302879796,6,12,4,False,0.0,0.0,False
Regev,1,L_minus_L0,0.0,119:B_exact_finite_discrete_gaussian:M16,0.0014420655085794,2,4,0,True,0.0,0.0,False
Regev,1,factor,0.0,119:B_exact_finite_discrete_gaussian:M16,0.0014420655085794,2,4,0,True,0.0,0.0,False
Regev,0,L_minus_L0,0.0,119:B_exact_finite_discrete_gaussian:M16,0.0,0,0,0,True,0.0,0.0,True
Regev,0,factor,0.0,119:B_exact_finite_discrete_gaussian:M16,0.0,0,0,0,True,0.0,0.0,True
Regev,4,L_minus_L0,0.0,119:A_uniform_hard_box:M32,0.5786949187470891,20,40,30,False,0.0,0.0,False
Regev,4,factor,0.0,119:A_uniform_hard_box:M32,0.5786949187470891,20,40,30,False,0.0,0.0,False
Regev,3,L_minus_L0,0.0,119:A_uniform_hard_box:M32,0.2795015556367773,12,24,6,False,0.0,0.0,False
Regev,3,factor,0.0,119:A_uniform_hard_box:M32,0.2795015556367773,12,24,6,False,0.0,0.0,False
Regev,2,L_minus_L0,0.0,119:A_uniform_hard_box:M32,0.057553732460411,6,12,0,False,0.0,0.0,False
Regev,2,factor,0.0,119:A_uniform_hard_box:M32,0.057553732460411,6,12,0,False,0.0,0.0,False
Regev,1,L_minus_L0,0.0,119:A_uniform_hard_box:M32,0.0055887424923258,2,4,0,True,0.0,0.0,False
Regev,1,factor,0.0,119:A_uniform_hard_box:M32,0.0055887424923258,2,4,0,True,0.0,0.0,False
Regev,0,L_minus_L0,0.0,119:A_uniform_hard_box:M32,0.0,0,0,0,True,0.0,0.0,True
Regev,0,factor,0.0,119:A_uniform_hard_box:M32,0.0,0,0,0,True,0.0,0.0,True
Regev,4,L_minus_L0,0.0,119:B_exact_finite_discrete_gaussian:M32,0.1228684870659683,20,40,30,False,0.0,0.0,False
Regev,4,factor,0.0,119:B_exact_finite_discrete_gaussian:M32,0.1228684870659683,20,40,30,False,0.0,0.0,False
Regev,3,L_minus_L0,0.0,119:B_exact_finite_discrete_gaussian:M32,0.0556474371470788,12,24,6,False,0.0,0.0,False
Regev,3,factor,0.0,119:B_exact_finite_discrete_gaussian:M32,0.0556474371470788,12,24,6,False,0.0,0.0,False
Regev,2,L_minus_L0,0.0,119:B_exact_finite_discrete_gaussian:M32,0.0071226900989446,6,12,0,True,0.0,0.0,False
Regev,2,factor,0.0,119:B_exact_finite_discrete_gaussian:M32,0.0071226900989446,6,12,0,True,0.0,0.0,False
Regev,1,L_minus_L0,0.0,119:B_exact_finite_discrete_gaussian:M32,0.0003571184370275,2,4,0,True,0.0,0.0,False
Regev,1,factor,0.0,119:B_exact_finite_discrete_gaussian:M32,0.0003571184370275,2,4,0,True,0.0,0.0,False
Regev,0,L_minus_L0,0.0,119:B_exact_finite_discrete_gaussian:M32,0.0,0,0,0,True,0.0,0.0,True
Regev,0,factor,0.0,119:B_exact_finite_discrete_gaussian:M32,0.0,0,0,0,True,0.0,0.0,True
Regev,2,L_minus_L0,0.0,133:A_uniform_hard_box:M8,0.2503420785404726,6,12,14,False,0.0,0.0,False
Regev,2,factor,0.0,133:A_uniform_hard_box:M8,0.2503420785404726,6,12,14,False,0.0,0.0,False
Regev,1,L_minus_L0,0.0,133:A_uniform_hard_box:M8,0.0706545785404726,2,4,2,False,0.0,0.0,False
Regev,1,factor,0.0,133:A_uniform_hard_box:M8,0.0706545785404726,2,4,2,False,0.0,0.0,False
Regev,0,L_minus_L0,0.0,133:A_uniform_hard_box:M8,0.0,0,0,0,True,0.0,0.0,True
Regev,0,factor,0.0,133:A_uniform_hard_box:M8,0.0,0,0,0,True,0.0,0.0,True
Regev,2,L_minus_L0,0.0,133:B_exact_finite_discrete_gaussian:M8,0.0803407871061355,6,12,14,False,0.0,0.0,False
Regev,2,factor,0.0,133:B_exact_finite_discrete_gaussian:M8,0.0803407871061355,6,12,14,False,0.0,0.0,False
Regev,1,L_minus_L0,0.0,133:B_exact_finite_discrete_gaussian:M8,0.0265574758009717,2,4,2,False,0.0,0.0,False
Regev,1,factor,0.0,133:B_exact_finite_discrete_gaussian:M8,0.0265574758009717,2,4,2,False,0.0,0.0,False
Regev,0,L_minus_L0,0.0,133:B_exact_finite_discrete_gaussian:M8,0.0,0,0,0,True,0.0,0.0,True
Regev,0,factor,0.0,133:B_exact_finite_discrete_gaussian:M8,0.0,0,0,0,True,0.0,0.0,True
Regev,3,L_minus_L0,0.0,133:A_uniform_hard_box:M16,0.5461561766814909,12,24,22,False,0.0,0.0,False
Regev,3,factor,0.0,133:A_uniform_hard_box:M16,0.5461561766814909,12,24,22,False,0.0,0.0,False
Regev,2,L_minus_L0,0.0,133:A_uniform_hard_box:M16,0.2534399017719188,6,12,4,False,0.0,0.0,False
Regev,2,factor,0.0,133:A_uniform_hard_box:M16,0.2534399017719188,6,12,4,False,0.0,0.0,False
Regev,1,L_minus_L0,0.0,133:A_uniform_hard_box:M16,0.0329178355273052,2,4,0,False,0.0,0.0,False
Regev,1,factor,0.0,133:A_uniform_hard_box:M16,0.0329178355273052,2,4,0,False,0.0,0.0,False
Regev,0,L_minus_L0,0.0,133:A_uniform_hard_box:M16,0.0,0,0,0,True,0.0,0.0,True
Regev,0,factor,0.0,133:A_uniform_hard_box:M16,0.0,0,0,0,True,0.0,0.0,True
Regev,3,L_minus_L0,0.0,133:B_exact_finite_discrete_gaussian:M16,0.1044044466013558,12,24,22,False,0.0,0.0,False
Regev,3,factor,0.0,133:B_exact_finite_discrete_gaussian:M16,0.1044044466013558,12,24,22,False,0.0,0.0,False
Regev,2,L_minus_L0,0.0,133:B_exact_finite_discrete_gaussian:M16,0.0486812273133759,6,12,4,False,0.0,0.0,False
Regev,2,factor,0.0,133:B_exact_finite_discrete_gaussian:M16,0.0486812273133759,6,12,4,False,0.0,0.0,False
Regev,1,L_minus_L0,0.0,133:B_exact_finite_discrete_gaussian:M16,0.0080733549233296,2,4,0,False,0.0,0.0,False
Regev,1,factor,0.0,133:B_exact_finite_discrete_gaussian:M16,0.0080733549233296,2,4,0,False,0.0,0.0,False
Regev,0,L_minus_L0,0.0,133:B_exact_finite_discrete_gaussian:M16,0.0,0,0,0,True,0.0,0.0,True
Regev,0,factor,0.0,133:B_exact_finite_discrete_gaussian:M16,0.0,0,0,0,True,0.0,0.0,True
Regev,4,L_minus_L0,0.0,133:A_uniform_hard_box:M32,0.7510477917498516,20,40,30,False,0.0,0.0,False
Regev,4,factor,0.0,133:A_uniform_hard_box:M32,0.7510477917498516,20,40,30,False,0.0,0.0,False
Regev,3,L_minus_L0,0.0,133:A_uniform_hard_box:M32,0.4281395976192805,12,24,6,False,0.0,0.0,False
Regev,3,factor,0.0,133:A_uniform_hard_box:M32,0.4281395976192805,12,24,6,False,0.0,0.0,False
Regev,2,L_minus_L0,0.0,133:A_uniform_hard_box:M32,0.0931777991326528,6,12,0,False,0.0,0.0,False
Regev,2,factor,0.0,133:A_uniform_hard_box:M32,0.0931777991326528,6,12,0,False,0.0,0.0,False
Regev,1,L_minus_L0,0.0,133:A_uniform_hard_box:M32,0.0105270754994125,2,4,0,False,0.0,0.0,False
Regev,1,factor,0.0,133:A_uniform_hard_box:M32,0.0105270754994125,2,4,0,False,0.0,0.0,False
Regev,0,L_minus_L0,0.0,133:A_uniform_hard_box:M32,0.0,0,0,0,True,0.0,0.0,True
Regev,0,factor,0.0,133:A_uniform_hard_box:M32,0.0,0,0,0,True,0.0,0.0,True
Regev,4,L_minus_L0,0.0,133:B_exact_finite_discrete_gaussian:M32,0.1144151865823757,20,40,30,False,0.0,0.0,False
Regev,4,factor,0.0,133:B_exact_finite_discrete_gaussian:M32,0.1144151865823757,20,40,30,False,0.0,0.0,False
Regev,3,L_minus_L0,0.0,133:B_exact_finite_discrete_gaussian:M32,0.0793987226302499,12,24,6,False,0.0,0.0,False
Regev,3,factor,0.0,133:B_exact_finite_discrete_gaussian:M32,0.0793987226302499,12,24,6,False,0.0,0.0,False
Regev,2,L_minus_L0,0.0,133:B_exact_finite_discrete_gaussian:M32,0.0161442146469472,6,12,0,False,0.0,0.0,False
Regev,2,factor,0.0,133:B_exact_finite_discrete_gaussian:M32,0.0161442146469472,6,12,0,False,0.0,0.0,False
Regev,1,L_minus_L0,0.0,133:B_exact_finite_discrete_gaussian:M32,0.0020792924777583,2,4,0,True,0.0,0.0,False
Regev,1,factor,0.0,133:B_exact_finite_discrete_gaussian:M32,0.0020792924777583,2,4,0,True,0.0,0.0,False
Regev,0,L_minus_L0,0.0,133:B_exact_finite_discrete_gaussian:M32,0.0,0,0,0,True,0.0,0.0,True
Regev,0,factor,0.0,133:B_exact_finite_discrete_gaussian:M32,0.0,0,0,0,True,0.0,0.0,True
Regev,2,L_minus_L0,0.0,161:A_uniform_hard_box:M8,0.1557017579882935,6,12,14,False,0.0,0.0,False
Regev,2,factor,0.0,161:A_uniform_hard_box:M8,0.1557017579882935,6,12,14,False,0.0,0.0,False
Regev,1,L_minus_L0,0.0,161:A_uniform_hard_box:M8,0.0477316409765871,2,4,2,False,0.0,0.0,False
Regev,1,factor,0.0,161:A_uniform_hard_box:M8,0.0477316409765871,2,4,2,False,0.0,0.0,False
Regev,0,L_minus_L0,0.0,161:A_uniform_hard_box:M8,0.0,0,0,0,True,0.0,0.0,True
Regev,0,factor,0.0,161:A_uniform_hard_box:M8,0.0,0,0,0,True,0.0,0.0,True
Regev,2,L_minus_L0,0.0,161:B_exact_finite_discrete_gaussian:M8,0.072583995333447,6,12,14,False,0.0,0.0,False
Regev,2,factor,0.0,161:B_exact_finite_discrete_gaussian:M8,0.072583995333447,6,12,14,False,0.0,0.0,False
Regev,1,L_minus_L0,0.0,161:B_exact_finite_discrete_gaussian:M8,0.0176288351268928,2,4,2,False,0.0,0.0,False
Regev,1,factor,0.0,161:B_exact_finite_discrete_gaussian:M8,0.0176288351268928,2,4,2,False,0.0,0.0,False
Regev,0,L_minus_L0,0.0,161:B_exact_finite_discrete_gaussian:M8,0.0,0,0,0,True,0.0,0.0,True
Regev,0,factor,0.0,161:B_exact_finite_discrete_gaussian:M8,0.0,0,0,0,True,0.0,0.0,True
Regev,3,L_minus_L0,0.0,161:A_uniform_hard_box:M16,0.5009481765150883,12,24,22,False,0.0,0.0,False
Regev,3,factor,0.0,161:A_uniform_hard_box:M16,0.5009481765150883,12,24,22,False,0.0,0.0,False
Regev,2,L_minus_L0,0.0,161:A_uniform_hard_box:M16,0.1884359334553114,6,12,4,False,0.0,0.0,False
Regev,2,factor,0.0,161:A_uniform_hard_box:M16,0.1884359334553114,6,12,4,False,0.0,0.0,False
Regev,1,L_minus_L0,0.0,161:A_uniform_hard_box:M16,0.0290935309159236,2,4,0,False,0.0,0.0,False
Regev,1,factor,0.0,161:A_uniform_hard_box:M16,0.0290935309159236,2,4,0,False,0.0,0.0,False
Regev,0,L_minus_L0,0.0,161:A_uniform_hard_box:M16,0.0,0,0,0,True,0.0,0.0,True
Regev,0,factor,0.0,161:A_uniform_hard_box:M16,0.0,0,0,0,True,0.0,0.0,True
Regev,3,L_minus_L0,0.0,161:B_exact_finite_discrete_gaussian:M16,0.0972310831019659,12,24,22,False,0.0,0.0,False
Regev,3,factor,0.0,161:B_exact_finite_discrete_gaussian:M16,0.0972310831019659,12,24,22,False,0.0,0.0,False
Regev,2,L_minus_L0,0.0,161:B_exact_finite_discrete_gaussian:M16,0.0395286881008677,6,12,4,False,0.0,0.0,False
Regev,2,factor,0.0,161:B_exact_finite_discrete_gaussian:M16,0.0395286881008677,6,12,4,False,0.0,0.0,False
Regev,1,L_minus_L0,0.0,161:B_exact_finite_discrete_gaussian:M16,0.0047064284698336,2,4,0,True,0.0,0.0,False
Regev,1,factor,0.0,161:B_exact_finite_discrete_gaussian:M16,0.0047064284698336,2,4,0,True,0.0,0.0,False
Regev,0,L_minus_L0,0.0,161:B_exact_finite_discrete_gaussian:M16,0.0,0,0,0,True,0.0,0.0,True
Regev,0,factor,0.0,161:B_exact_finite_discrete_gaussian:M16,0.0,0,0,0,True,0.0,0.0,True
Regev,4,L_minus_L0,0.0,161:A_uniform_hard_box:M32,0.7079470475811114,20,40,30,False,0.0,0.0,False
Regev,4,factor,0.0,161:A_uniform_hard_box:M32,0.7079470475811114,20,40,30,False,0.0,0.0,False
Regev,3,L_minus_L0,0.0,161:A_uniform_hard_box:M32,0.3834054633388389,12,24,6,False,0.0,0.0,False
Regev,3,factor,0.0,161:A_uniform_hard_box:M32,0.3834054633388389,12,24,6,False,0.0,0.0,False
Regev,2,L_minus_L0,0.0,161:A_uniform_hard_box:M32,0.0834709482870286,6,12,0,False,0.0,0.0,False
Regev,2,factor,0.0,161:A_uniform_hard_box:M32,0.0834709482870286,6,12,0,False,0.0,0.0,False
Regev,1,L_minus_L0,0.0,161:A_uniform_hard_box:M32,0.0105006894324762,2,4,0,False,0.0,0.0,False
Regev,1,factor,0.0,161:A_uniform_hard_box:M32,0.0105006894324762,2,4,0,False,0.0,0.0,False
Regev,0,L_minus_L0,0.0,161:A_uniform_hard_box:M32,0.0,0,0,0,True,0.0,0.0,True
Regev,0,factor,0.0,161:A_uniform_hard_box:M32,0.0,0,0,0,True,0.0,0.0,True
Regev,4,L_minus_L0,0.0,161:B_exact_finite_discrete_gaussian:M32,0.1309440189138012,20,40,30,False,0.0,0.0,False
Regev,4,factor,0.0,161:B_exact_finite_discrete_gaussian:M32,0.1309440189138012,20,40,30,False,0.0,0.0,False
Regev,3,L_minus_L0,0.0,161:B_exact_finite_discrete_gaussian:M32,0.0762556916489248,12,24,6,False,0.0,0.0,False
Regev,3,factor,0.0,161:B_exact_finite_discrete_gaussian:M32,0.0762556916489248,12,24,6,False,0.0,0.0,False
Regev,2,L_minus_L0,0.0,161:B_exact_finite_discrete_gaussian:M32,0.012053379824268,6,12,0,False,0.0,0.0,False
Regev,2,factor,0.0,161:B_exact_finite_discrete_gaussian:M32,0.012053379824268,6,12,0,False,0.0,0.0,False
Regev,1,L_minus_L0,0.0,161:B_exact_finite_discrete_gaussian:M32,0.0011653092022814,2,4,0,True,0.0,0.0,False
Regev,1,factor,0.0,161:B_exact_finite_discrete_gaussian:M32,0.0011653092022814,2,4,0,True,0.0,0.0,False
Regev,0,L_minus_L0,0.0,161:B_exact_finite_discrete_gaussian:M32,0.0,0,0,0,True,0.0,0.0,True
Regev,0,factor,0.0,161:B_exact_finite_discrete_gaussian:M32,0.0,0,0,0,True,0.0,0.0,True
