M,N,baseline_error,baseline_factor,d,noise_model,pool_size,replicate,rv_error,rv_factor,rv_filter_success,rv_selected_count,rv_theorem_applicable,target_count
8,35,,True,2,approx_qft,11,0,,True,True,7,False,7
8,35,,True,2,approx_qft,11,1,,True,True,7,False,7
8,35,,True,2,approx_qft,11,2,,True,True,7,False,7
8,35,,True,2,approx_qft,11,3,,True,True,7,False,7
8,35,,True,2,approx_qft,11,4,,True,True,7,False,7
8,35,,True,2,approx_qft,11,5,,True,True,7,False,7
8,35,,True,2,approx_qft,11,6,,True,True,7,False,7
8,35,,True,2,approx_qft,11,7,,True,True,7,False,7
8,35,,True,2,sparse_corruption,11,0,,True,True,7,False,7
8,35,,True,2,sparse_corruption,11,1,,True,True,7,False,7
8,35,,True,2,sparse_corruption,11,2,,True,True,7,False,7
8,35,,True,2,sparse_corruption,11,3,,True,True,7,False,7
8,35,,True,2,sparse_corruption,11,4,,True,True,7,False,7
8,35,,True,2,sparse_corruption,11,5,,True,True,7,False,7
8,35,,True,2,sparse_corruption,11,6,,True,True,7,False,7
8,35,,True,2,sparse_corruption,11,7,,True,True,7,False,7
8,35,,True,2,diffuse_displacement,11,0,,True,True,7,False,7
8,35,,True,2,diffuse_displacement,11,1,,True,True,7,False,7
8,35,,True,2,diffuse_displacement,11,2,,True,True,7,False,7
8,35,,True,2,diffuse_displacement,11,3,,True,True,7,False,7
8,35,,True,2,diffuse_displacement,11,4,,True,True,7,False,7
8,35,,True,2,diffuse_displacement,11,5,,True,True,7,False,7
8,35,,True,2,diffuse_displacement,11,6,,True,True,7,False,7
8,35,,True,2,diffuse_displacement,11,7,,True,True,7,False,7
8,35,,True,2,coherent_phase,11,0,,True,True,7,False,7
8,35,,True,2,coherent_phase,11,1,,True,True,7,False,7
8,35,,True,2,coherent_phase,11,2,,True,True,7,False,7
8,35,,True,2,coherent_phase,11,3,,True,True,7,False,7
8,35,,True,2,coherent_phase,11,4,,True,True,7,False,7
8,35,,True,2,coherent_phase,11,5,,True,True,7,False,7
8,35,,True,2,coherent_phase,11,6,,True,True,7,False,7
8,35,,True,2,coherent_phase,11,7,,True,True,7,False,7
