M,N,cutoff,model,observed_value,proof_step,slack_factor,theoretical_bound
8,55,0,A_uniform_hard_box,1.98288972274762,omitted_gate_triangle,1.9804383329728237,3.9269908169872414
8,55,0,A_uniform_hard_box,1.9999999999999993,product_tensor_triangle,3.9269908169872427,7.853981633974483
8,55,0,A_uniform_hard_box,0.9771235693945743,prepared_state_restriction,2.0468240278342678,1.9999999999999993
8,55,0,A_uniform_hard_box,0.2991246164367364,measurement_data_processing,3.2666103546888525,0.9771235693945743
8,55,0,A_uniform_hard_box,0.8698318370074355,sample_union_vs_hellinger,1.1496475036374783,1.0
8,55,0,A_uniform_hard_box,0.1875,distribution_bound_vs_factor_event,4.639103130706323,0.8698318370074355
8,55,1,A_uniform_hard_box,0.7653668647301793,omitted_gate_triangle,1.0261721529770311,0.7853981633974483
8,55,1,A_uniform_hard_box,1.4142135623730947,product_tensor_triangle,1.1107207345395917,1.5707963267948966
8,55,1,A_uniform_hard_box,0.4556382296502428,prepared_state_restriction,3.1038079562785454,1.4142135623730947
8,55,1,A_uniform_hard_box,0.0989293039367364,measurement_data_processing,4.6056952947087915,0.4556382296502428
8,55,1,A_uniform_hard_box,0.43344800305338094,sample_union_vs_hellinger,1.597665977646389,0.6925051275571549
8,55,1,A_uniform_hard_box,0.0625,distribution_bound_vs_factor_event,6.935168048854095,0.43344800305338094
8,55,2,A_uniform_hard_box,0.0,omitted_gate_triangle,,0.0
8,55,2,A_uniform_hard_box,0.0,product_tensor_triangle,,0.0
8,55,2,A_uniform_hard_box,4.470348358154297e-08,prepared_state_restriction,0.0,0.0
8,55,2,A_uniform_hard_box,0.0,measurement_data_processing,,4.470348358154297e-08
8,55,2,A_uniform_hard_box,0.0,sample_union_vs_hellinger,,0.0
8,55,2,A_uniform_hard_box,0.0,distribution_bound_vs_factor_event,,0.0
8,55,0,B_exact_finite_discrete_gaussian,1.98288972274762,omitted_gate_triangle,1.9804383329728237,3.9269908169872414
8,55,0,B_exact_finite_discrete_gaussian,1.9999999999999993,product_tensor_triangle,3.9269908169872427,7.853981633974483
8,55,0,B_exact_finite_discrete_gaussian,0.9650010633021632,prepared_state_restriction,2.072536576442875,1.9999999999999993
8,55,0,B_exact_finite_discrete_gaussian,0.24891028444858415,measurement_data_processing,3.876903139779656,0.9650010633021632
8,55,0,B_exact_finite_discrete_gaussian,0.768391916455971,sample_union_vs_hellinger,1.301419208848874,1.0
8,55,0,B_exact_finite_discrete_gaussian,0.140625,distribution_bound_vs_factor_event,5.4641202947980165,0.768391916455971
8,55,1,B_exact_finite_discrete_gaussian,0.7653668647301793,omitted_gate_triangle,1.0261721529770311,0.7853981633974483
8,55,1,B_exact_finite_discrete_gaussian,1.4142135623730947,product_tensor_triangle,1.1107207345395917,1.5707963267948966
8,55,1,B_exact_finite_discrete_gaussian,0.4551916689564455,prepared_state_restriction,3.106852912346276,1.4142135623730947
8,55,1,B_exact_finite_discrete_gaussian,0.08254523661217765,measurement_data_processing,5.514451077232632,0.4551916689564455
8,55,1,B_exact_finite_discrete_gaussian,0.36343947156063816,sample_union_vs_hellinger,1.5898566377615855,0.5778166562852436
8,55,1,B_exact_finite_discrete_gaussian,0.03125,distribution_bound_vs_factor_event,11.630063089940421,0.36343947156063816
8,55,2,B_exact_finite_discrete_gaussian,0.0,omitted_gate_triangle,,0.0
8,55,2,B_exact_finite_discrete_gaussian,0.0,product_tensor_triangle,,0.0
8,55,2,B_exact_finite_discrete_gaussian,4.2146848510894035e-08,prepared_state_restriction,0.0,0.0
8,55,2,B_exact_finite_discrete_gaussian,0.0,measurement_data_processing,,4.2146848510894035e-08
8,55,2,B_exact_finite_discrete_gaussian,0.0,sample_union_vs_hellinger,,0.0
8,55,2,B_exact_finite_discrete_gaussian,0.0,distribution_bound_vs_factor_event,,0.0
8,65,0,A_uniform_hard_box,1.98288972274762,omitted_gate_triangle,1.9804383329728237,3.9269908169872414
8,65,0,A_uniform_hard_box,1.9999999999999993,product_tensor_triangle,3.9269908169872427,7.853981633974483
8,65,0,A_uniform_hard_box,0.9600209025941433,prepared_state_restriction,2.083287972788563,1.9999999999999993
8,65,0,A_uniform_hard_box,0.20312499999999997,measurement_data_processing,4.7262567512327065,0.9600209025941433
8,65,0,A_uniform_hard_box,0.736385743730921,sample_union_vs_hellinger,1.3579839214885792,1.0
8,65,0,A_uniform_hard_box,0.21875,distribution_bound_vs_factor_event,3.3663348284842103,0.736385743730921
8,65,1,A_uniform_hard_box,0.7653668647301793,omitted_gate_triangle,1.0261721529770311,0.7853981633974483
8,65,1,A_uniform_hard_box,1.4142135623730947,product_tensor_triangle,1.1107207345395917,1.5707963267948966
8,65,1,A_uniform_hard_box,0.4870119915966204,prepared_state_restriction,2.903857783330419,1.4142135623730947
8,65,1,A_uniform_hard_box,5.898059818321144e-17,measurement_data_processing,8257155854605187.0,0.4870119915966204
8,65,1,A_uniform_hard_box,0.0,sample_union_vs_hellinger,,4.128641872824801e-16
8,65,1,A_uniform_hard_box,0.0,distribution_bound_vs_factor_event,,0.0
8,65,2,A_uniform_hard_box,0.0,omitted_gate_triangle,,0.0
8,65,2,A_uniform_hard_box,0.0,product_tensor_triangle,,0.0
8,65,2,A_uniform_hard_box,4.470348358154297e-08,prepared_state_restriction,0.0,0.0
8,65,2,A_uniform_hard_box,0.0,measurement_data_processing,,4.470348358154297e-08
8,65,2,A_uniform_hard_box,0.0,sample_union_vs_hellinger,,0.0
8,65,2,A_uniform_hard_box,0.0,distribution_bound_vs_factor_event,,0.0
8,65,0,B_exact_finite_discrete_gaussian,1.98288972274762,omitted_gate_triangle,1.9804383329728237,3.9269908169872414
8,65,0,B_exact_finite_discrete_gaussian,1.9999999999999993,product_tensor_triangle,3.9269908169872427,7.853981633974483
8,65,0,B_exact_finite_discrete_gaussian,0.9705576897905629,prepared_state_restriction,2.0606709122376645,1.9999999999999993
8,65,0,B_exact_finite_discrete_gaussian,0.1515249284817296,measurement_data_processing,6.4052674336526065,0.9705576897905629
8,65,0,B_exact_finite_discrete_gaussian,0.6129512027386833,sample_union_vs_hellinger,1.6314512403792858,1.0
8,65,0,B_exact_finite_discrete_gaussian,0.234375,distribution_bound_vs_factor_event,2.6152584650183823,0.6129512027386833
8,65,1,B_exact_finite_discrete_gaussian,0.7653668647301793,omitted_gate_triangle,1.0261721529770311,0.7853981633974483
8,65,1,B_exact_finite_discrete_gaussian,1.4142135623730947,product_tensor_triangle,1.1107207345395917,1.5707963267948966
8,65,1,B_exact_finite_discrete_gaussian,0.46033772946045814,prepared_state_restriction,3.0721217746601672,1.4142135623730947
8,65,1,B_exact_finite_discrete_gaussian,5.551115123125783e-17,measurement_data_processing,8292707307450798.0,0.46033772946045814
8,65,1,B_exact_finite_discrete_gaussian,0.0,sample_union_vs_hellinger,,3.885780586188048e-16
8,65,1,B_exact_finite_discrete_gaussian,0.0,distribution_bound_vs_factor_event,,0.0
8,65,2,B_exact_finite_discrete_gaussian,0.0,omitted_gate_triangle,,0.0
8,65,2,B_exact_finite_discrete_gaussian,0.0,product_tensor_triangle,,0.0
8,65,2,B_exact_finite_discrete_gaussian,3.942476676500724e-08,prepared_state_restriction,0.0,0.0
8,65,2,B_exact_finite_discrete_gaussian,0.0,measurement_data_processing,,3.942476676500724e-08
8,65,2,B_exact_finite_discrete_gaussian,0.0,sample_union_vs_hellinger,,0.0
8,65,2,B_exact_finite_discrete_gaussian,0.0,distribution_bound_vs_factor_event,,0.0
8,85,0,A_uniform_hard_box,1.98288972274762,omitted_gate_triangle,1.9804383329728237,3.9269908169872414
8,85,0,A_uniform_hard_box,1.9999999999999993,product_tensor_triangle,3.9269908169872427,7.853981633974483
8,85,0,A_uniform_hard_box,0.9248533725603422,prepared_state_restriction,2.1625049541239676,1.9999999999999993
8,85,0,A_uniform_hard_box,0.0,measurement_data_processing,,0.9248533725603422
8,85,0,A_uniform_hard_box,0.0,sample_union_vs_hellinger,,0.0
8,85,0,A_uniform_hard_box,0.0,distribution_bound_vs_factor_event,,0.0
8,85,1,A_uniform_hard_box,0.7653668647301793,omitted_gate_triangle,1.0261721529770311,0.7853981633974483
8,85,1,A_uniform_hard_box,1.4142135623730947,product_tensor_triangle,1.1107207345395917,1.5707963267948966
8,85,1,A_uniform_hard_box,0.3314135740355934,prepared_state_restriction,4.267216774353394,1.4142135623730947
8,85,1,A_uniform_hard_box,0.0,measurement_data_processing,,0.3314135740355934
8,85,1,A_uniform_hard_box,0.0,sample_union_vs_hellinger,,0.0
8,85,1,A_uniform_hard_box,0.0,distribution_bound_vs_factor_event,,0.0
8,85,2,A_uniform_hard_box,0.0,omitted_gate_triangle,,0.0
8,85,2,A_uniform_hard_box,0.0,product_tensor_triangle,,0.0
8,85,2,A_uniform_hard_box,2.9802322387695312e-08,prepared_state_restriction,0.0,0.0
8,85,2,A_uniform_hard_box,0.0,measurement_data_processing,,2.9802322387695312e-08
8,85,2,A_uniform_hard_box,0.0,sample_union_vs_hellinger,,0.0
8,85,2,A_uniform_hard_box,0.0,distribution_bound_vs_factor_event,,0.0
8,85,0,B_exact_finite_discrete_gaussian,1.98288972274762,omitted_gate_triangle,1.9804383329728237,3.9269908169872414
8,85,0,B_exact_finite_discrete_gaussian,1.9999999999999993,product_tensor_triangle,3.9269908169872427,7.853981633974483
8,85,0,B_exact_finite_discrete_gaussian,0.9429370464669821,prepared_state_restriction,2.1210323716664274,1.9999999999999993
8,85,0,B_exact_finite_discrete_gaussian,0.028204841029192712,measurement_data_processing,33.431744766475326,0.9429370464669821
8,85,0,B_exact_finite_discrete_gaussian,0.13376358329297058,sample_union_vs_hellinger,1.4759913150048243,0.19743388720434898
8,85,0,B_exact_finite_discrete_gaussian,0.0,distribution_bound_vs_factor_event,,0.13376358329297058
8,85,1,B_exact_finite_discrete_gaussian,0.7653668647301793,omitted_gate_triangle,1.0261721529770311,0.7853981633974483
8,85,1,B_exact_finite_discrete_gaussian,1.4142135623730947,product_tensor_triangle,1.1107207345395917,1.5707963267948966
8,85,1,B_exact_finite_discrete_gaussian,0.4196076407887732,prepared_state_restriction,3.37032366644867,1.4142135623730947
8,85,1,B_exact_finite_discrete_gaussian,0.0,measurement_data_processing,,0.4196076407887732
8,85,1,B_exact_finite_discrete_gaussian,0.0,sample_union_vs_hellinger,,0.0
8,85,1,B_exact_finite_discrete_gaussian,0.0,distribution_bound_vs_factor_event,,0.0
8,85,2,B_exact_finite_discrete_gaussian,0.0,omitted_gate_triangle,,0.0
8,85,2,B_exact_finite_discrete_gaussian,0.0,product_tensor_triangle,,0.0
8,85,2,B_exact_finite_discrete_gaussian,4.2146848510894035e-08,prepared_state_restriction,0.0,0.0
8,85,2,B_exact_finite_discrete_gaussian,0.0,measurement_data_processing,,4.2146848510894035e-08
8,85,2,B_exact_finite_discrete_gaussian,0.0,sample_union_vs_hellinger,,0.0
8,85,2,B_exact_finite_discrete_gaussian,0.0,distribution_bound_vs_factor_event,,0.0
8,95,0,A_uniform_hard_box,1.98288972274762,omitted_gate_triangle,1.9804383329728237,3.9269908169872414
8,95,0,A_uniform_hard_box,1.9999999999999993,product_tensor_triangle,3.9269908169872427,7.853981633974483
8,95,0,A_uniform_hard_box,0.9662590313941921,prepared_state_restriction,2.0698383508139084,1.9999999999999993
8,95,0,A_uniform_hard_box,0.2623552769683682,measurement_data_processing,3.6830173288669648,0.9662590313941921
8,95,0,A_uniform_hard_box,0.7847177403612094,sample_union_vs_hellinger,1.2743435614692424,1.0
8,95,0,A_uniform_hard_box,0.0,distribution_bound_vs_factor_event,,0.7847177403612094
8,95,1,A_uniform_hard_box,0.7653668647301793,omitted_gate_triangle,1.0261721529770311,0.7853981633974483
8,95,1,A_uniform_hard_box,1.4142135623730947,product_tensor_triangle,1.1107207345395917,1.5707963267948966
8,95,1,A_uniform_hard_box,0.45563822965024303,prepared_state_restriction,3.103807956278544,1.4142135623730947
8,95,1,A_uniform_hard_box,0.08018324974445779,measurement_data_processing,5.682461500405033,0.45563822965024303
8,95,1,A_uniform_hard_box,0.32639284726686,sample_union_vs_hellinger,1.7196539474172288,0.5612827482112045
8,95,1,A_uniform_hard_box,0.0,distribution_bound_vs_factor_event,,0.32639284726686
8,95,2,A_uniform_hard_box,0.0,omitted_gate_triangle,,0.0
8,95,2,A_uniform_hard_box,0.0,product_tensor_triangle,,0.0
8,95,2,A_uniform_hard_box,2.9802322387695312e-08,prepared_state_restriction,0.0,0.0
8,95,2,A_uniform_hard_box,0.0,measurement_data_processing,,2.9802322387695312e-08
8,95,2,A_uniform_hard_box,0.0,sample_union_vs_hellinger,,0.0
8,95,2,A_uniform_hard_box,0.0,distribution_bound_vs_factor_event,,0.0
8,95,0,B_exact_finite_discrete_gaussian,1.98288972274762,omitted_gate_triangle,1.9804383329728237,3.9269908169872414
8,95,0,B_exact_finite_discrete_gaussian,1.9999999999999993,product_tensor_triangle,3.9269908169872427,7.853981633974483
8,95,0,B_exact_finite_discrete_gaussian,0.9597898041643348,prepared_state_restriction,2.0837895873892407,1.9999999999999993
8,95,0,B_exact_finite_discrete_gaussian,0.0797893137211828,measurement_data_processing,12.029052004611062,0.9597898041643348
8,95,0,B_exact_finite_discrete_gaussian,0.2688072839623026,sample_union_vs_hellinger,2.077790407370832,0.5585251960482795
8,95,0,B_exact_finite_discrete_gaussian,0.0,distribution_bound_vs_factor_event,,0.2688072839623026
8,95,1,B_exact_finite_discrete_gaussian,0.7653668647301793,omitted_gate_triangle,1.0261721529770311,0.7853981633974483
8,95,1,B_exact_finite_discrete_gaussian,1.4142135623730947,product_tensor_triangle,1.1107207345395917,1.5707963267948966
8,95,1,B_exact_finite_discrete_gaussian,0.45519166895644564,prepared_state_restriction,3.1068529123462754,1.4142135623730947
8,95,1,B_exact_finite_discrete_gaussian,0.03003199561347181,measurement_data_processing,15.156890498221,0.45519166895644564
8,95,1,B_exact_finite_discrete_gaussian,0.10475998912962067,sample_union_vs_hellinger,2.0067200373053713,0.21022396929430268
8,95,1,B_exact_finite_discrete_gaussian,0.0,distribution_bound_vs_factor_event,,0.10475998912962067
8,95,2,B_exact_finite_discrete_gaussian,0.0,omitted_gate_triangle,,0.0
8,95,2,B_exact_finite_discrete_gaussian,0.0,product_tensor_triangle,,0.0
8,95,2,B_exact_finite_discrete_gaussian,4.2146848510894035e-08,prepared_state_restriction,0.0,0.0
8,95,2,B_exact_finite_discrete_gaussian,0.0,measurement_data_processing,,4.2146848510894035e-08
8,95,2,B_exact_finite_discrete_gaussian,0.0,sample_union_vs_hellinger,,0.0
8,95,2,B_exact_finite_discrete_gaussian,0.0,distribution_bound_vs_factor_event,,0.0
8,115,0,A_uniform_hard_box,1.98288972274762,omitted_gate_triangle,1.9804383329728237,3.9269908169872414
8,115,0,A_uniform_hard_box,1.9999999999999993,product_tensor_triangle,3.9269908169872427,7.853981633974483
8,115,0,A_uniform_hard_box,0.9665744270840365,prepared_state_restriction,2.0691629573043877,1.9999999999999993
8,115,0,A_uniform_hard_box,0.3242088854806966,measurement_data_processing,2.9813323149700857,0.9665744270840365
8,115,0,A_uniform_hard_box,0.8554976117356019,sample_union_vs_hellinger,1.168910335087011,1.0
8,115,0,A_uniform_hard_box,0.109375,distribution_bound_vs_factor_event,7.8216924501540745,0.8554976117356019
8,115,1,A_uniform_hard_box,0.7653668647301793,omitted_gate_triangle,1.0261721529770311,0.7853981633974483
8,115,1,A_uniform_hard_box,1.4142135623730947,product_tensor_triangle,1.1107207345395917,1.5707963267948966
8,115,1,A_uniform_hard_box,0.45563822965024303,prepared_state_restriction,3.103807956278544,1.4142135623730947
8,115,1,A_uniform_hard_box,0.1036614045885424,measurement_data_processing,4.395447191351335,0.45563822965024303
8,115,1,A_uniform_hard_box,0.42737454850350104,sample_union_vs_hellinger,1.697877972988025,0.7256298321197967
8,115,1,A_uniform_hard_box,0.03125,distribution_bound_vs_factor_event,13.675985552112033,0.42737454850350104
8,115,2,A_uniform_hard_box,0.0,omitted_gate_triangle,,0.0
8,115,2,A_uniform_hard_box,0.0,product_tensor_triangle,,0.0
8,115,2,A_uniform_hard_box,2.9802322387695312e-08,prepared_state_restriction,0.0,0.0
8,115,2,A_uniform_hard_box,0.0,measurement_data_processing,,2.9802322387695312e-08
8,115,2,A_uniform_hard_box,0.0,sample_union_vs_hellinger,,0.0
8,115,2,A_uniform_hard_box,0.0,distribution_bound_vs_factor_event,,0.0
8,115,0,B_exact_finite_discrete_gaussian,1.98288972274762,omitted_gate_triangle,1.9804383329728237,3.9269908169872414
8,115,0,B_exact_finite_discrete_gaussian,1.9999999999999993,product_tensor_triangle,3.9269908169872427,7.853981633974483
8,115,0,B_exact_finite_discrete_gaussian,0.955072683633791,prepared_state_restriction,2.0940814602617936,1.9999999999999993
8,115,0,B_exact_finite_discrete_gaussian,0.19791798847095327,measurement_data_processing,4.825598173326013,0.955072683633791
8,115,0,B_exact_finite_discrete_gaussian,0.6188793908289197,sample_union_vs_hellinger,1.6158237207747568,1.0
8,115,0,B_exact_finite_discrete_gaussian,0.0625,distribution_bound_vs_factor_event,9.902070253262716,0.6188793908289197
8,115,1,B_exact_finite_discrete_gaussian,0.7653668647301793,omitted_gate_triangle,1.0261721529770311,0.7853981633974483
8,115,1,B_exact_finite_discrete_gaussian,1.4142135623730947,product_tensor_triangle,1.1107207345395917,1.5707963267948966
8,115,1,B_exact_finite_discrete_gaussian,0.45519166895644564,prepared_state_restriction,3.1068529123462754,1.4142135623730947
8,115,1,B_exact_finite_discrete_gaussian,0.06062205312498192,measurement_data_processing,7.508681172806804,0.45519166895644564
8,115,1,B_exact_finite_discrete_gaussian,0.24907924413797275,sample_union_vs_hellinger,1.703692225915903,0.42435437187487346
8,115,1,B_exact_finite_discrete_gaussian,0.015625,distribution_bound_vs_factor_event,15.941071624830256,0.24907924413797275
8,115,2,B_exact_finite_discrete_gaussian,0.0,omitted_gate_triangle,,0.0
8,115,2,B_exact_finite_discrete_gaussian,0.0,product_tensor_triangle,,0.0
8,115,2,B_exact_finite_discrete_gaussian,4.2146848510894035e-08,prepared_state_restriction,0.0,0.0
8,115,2,B_exact_finite_discrete_gaussian,0.0,measurement_data_processing,,4.2146848510894035e-08
8,115,2,B_exact_finite_discrete_gaussian,0.0,sample_union_vs_hellinger,,0.0
8,115,2,B_exact_finite_discrete_gaussian,0.0,distribution_bound_vs_factor_event,,0.0
8,119,0,A_uniform_hard_box,1.98288972274762,omitted_gate_triangle,1.9804383329728237,3.9269908169872414
8,119,0,A_uniform_hard_box,1.9999999999999993,product_tensor_triangle,3.9269908169872427,7.853981633974483
8,119,0,A_uniform_hard_box,0.965772815632426,prepared_state_restriction,2.0708804054401972,1.9999999999999993
8,119,0,A_uniform_hard_box,0.201391989008219,measurement_data_processing,4.795487746997781,0.965772815632426
8,119,0,A_uniform_hard_box,0.6314457375865158,sample_union_vs_hellinger,1.583667353306012,1.0
8,119,0,A_uniform_hard_box,0.0,distribution_bound_vs_factor_event,,0.6314457375865158
8,119,1,A_uniform_hard_box,0.7653668647301793,omitted_gate_triangle,1.0261721529770311,0.7853981633974483
8,119,1,A_uniform_hard_box,1.4142135623730947,product_tensor_triangle,1.1107207345395917,1.5707963267948966
8,119,1,A_uniform_hard_box,0.4556382296502423,prepared_state_restriction,3.103807956278549,1.4142135623730947
8,119,1,A_uniform_hard_box,0.039062500000000076,measurement_data_processing,11.66433867904618,0.4556382296502423
8,119,1,A_uniform_hard_box,0.20890243313546414,sample_union_vs_hellinger,1.308924438532931,0.27343750000000056
8,119,1,A_uniform_hard_box,0.0,distribution_bound_vs_factor_event,,0.20890243313546414
8,119,2,A_uniform_hard_box,0.0,omitted_gate_triangle,,0.0
8,119,2,A_uniform_hard_box,0.0,product_tensor_triangle,,0.0
8,119,2,A_uniform_hard_box,3.332000937312528e-08,prepared_state_restriction,0.0,0.0
8,119,2,A_uniform_hard_box,0.0,measurement_data_processing,,3.332000937312528e-08
8,119,2,A_uniform_hard_box,0.0,sample_union_vs_hellinger,,0.0
8,119,2,A_uniform_hard_box,0.0,distribution_bound_vs_factor_event,,0.0
8,119,0,B_exact_finite_discrete_gaussian,1.98288972274762,omitted_gate_triangle,1.9804383329728237,3.9269908169872414
8,119,0,B_exact_finite_discrete_gaussian,1.9999999999999993,product_tensor_triangle,3.9269908169872427,7.853981633974483
8,119,0,B_exact_finite_discrete_gaussian,0.9597844321061675,prepared_state_restriction,2.0838012506737216,1.9999999999999993
8,119,0,B_exact_finite_discrete_gaussian,0.02522392569736165,measurement_data_processing,38.050557380390565,0.9597844321061675
8,119,0,B_exact_finite_discrete_gaussian,0.0884073842610777,sample_union_vs_hellinger,1.9972028508399977,0.17656747988153154
8,119,0,B_exact_finite_discrete_gaussian,0.0,distribution_bound_vs_factor_event,,0.0884073842610777
8,119,1,B_exact_finite_discrete_gaussian,0.7653668647301793,omitted_gate_triangle,1.0261721529770311,0.7853981633974483
8,119,1,B_exact_finite_discrete_gaussian,1.4142135623730947,product_tensor_triangle,1.1107207345395917,1.5707963267948966
8,119,1,B_exact_finite_discrete_gaussian,0.45519166895644564,prepared_state_restriction,3.1068529123462754,1.4142135623730947
8,119,1,B_exact_finite_discrete_gaussian,0.005213092330709022,measurement_data_processing,87.31701648079883,0.45519166895644564
8,119,1,B_exact_finite_discrete_gaussian,0.021632505342750182,sample_union_vs_hellinger,1.6868895089487541,0.036491646314963155
8,119,1,B_exact_finite_discrete_gaussian,0.0,distribution_bound_vs_factor_event,,0.021632505342750182
8,119,2,B_exact_finite_discrete_gaussian,0.0,omitted_gate_triangle,,0.0
8,119,2,B_exact_finite_discrete_gaussian,0.0,product_tensor_triangle,,0.0
8,119,2,B_exact_finite_discrete_gaussian,3.942476676500724e-08,prepared_state_restriction,0.0,0.0
8,119,2,B_exact_finite_discrete_gaussian,0.0,measurement_data_processing,,3.942476676500724e-08
8,119,2,B_exact_finite_discrete_gaussian,0.0,sample_union_vs_hellinger,,0.0
8,119,2,B_exact_finite_discrete_gaussian,0.0,distribution_bound_vs_factor_event,,0.0
8,133,0,A_uniform_hard_box,1.98288972274762,omitted_gate_triangle,1.9804383329728237,3.9269908169872414
8,133,0,A_uniform_hard_box,1.9999999999999993,product_tensor_triangle,3.9269908169872427,7.853981633974483
8,133,0,A_uniform_hard_box,0.9591452061690071,prepared_state_restriction,2.0851900078699734,1.9999999999999993
8,133,0,A_uniform_hard_box,0.25034207854047263,measurement_data_processing,3.8313383501525204,0.9591452061690071
8,133,0,A_uniform_hard_box,0.7540899292670105,sample_union_vs_hellinger,1.3261017833403752,1.0
8,133,0,A_uniform_hard_box,0.0,distribution_bound_vs_factor_event,,0.7540899292670105
8,133,1,A_uniform_hard_box,0.7653668647301793,omitted_gate_triangle,1.0261721529770311,0.7853981633974483
8,133,1,A_uniform_hard_box,1.4142135623730947,product_tensor_triangle,1.1107207345395917,1.5707963267948966
8,133,1,A_uniform_hard_box,0.4556382296502428,prepared_state_restriction,3.1038079562785454,1.4142135623730947
8,133,1,A_uniform_hard_box,0.07065457854047266,measurement_data_processing,6.448813920661095,0.4556382296502428
8,133,1,A_uniform_hard_box,0.2909760243892645,sample_union_vs_hellinger,1.6997347146432322,0.49458204978330866
8,133,1,A_uniform_hard_box,0.0,distribution_bound_vs_factor_event,,0.2909760243892645
8,133,2,A_uniform_hard_box,0.0,omitted_gate_triangle,,0.0
8,133,2,A_uniform_hard_box,0.0,product_tensor_triangle,,0.0
8,133,2,A_uniform_hard_box,2.9802322387695312e-08,prepared_state_restriction,0.0,0.0
8,133,2,A_uniform_hard_box,0.0,measurement_data_processing,,2.9802322387695312e-08
8,133,2,A_uniform_hard_box,0.0,sample_union_vs_hellinger,,0.0
8,133,2,A_uniform_hard_box,0.0,distribution_bound_vs_factor_event,,0.0
8,133,0,B_exact_finite_discrete_gaussian,1.98288972274762,omitted_gate_triangle,1.9804383329728237,3.9269908169872414
8,133,0,B_exact_finite_discrete_gaussian,1.9999999999999993,product_tensor_triangle,3.9269908169872427,7.853981633974483
8,133,0,B_exact_finite_discrete_gaussian,0.9546590562243678,prepared_state_restriction,2.094988767937641,1.9999999999999993
8,133,0,B_exact_finite_discrete_gaussian,0.0803407871061355,measurement_data_processing,11.882620156100785,0.9546590562243678
8,133,0,B_exact_finite_discrete_gaussian,0.26667179302931243,sample_union_vs_hellinger,2.1089051202394375,0.5623855097429485
8,133,0,B_exact_finite_discrete_gaussian,0.0,distribution_bound_vs_factor_event,,0.26667179302931243
8,133,1,B_exact_finite_discrete_gaussian,0.7653668647301793,omitted_gate_triangle,1.0261721529770311,0.7853981633974483
8,133,1,B_exact_finite_discrete_gaussian,1.4142135623730947,product_tensor_triangle,1.1107207345395917,1.5707963267948966
8,133,1,B_exact_finite_discrete_gaussian,0.4551916689564455,prepared_state_restriction,3.106852912346276,1.4142135623730947
8,133,1,B_exact_finite_discrete_gaussian,0.02655747580097173,measurement_data_processing,17.139869480358904,0.4551916689564455
8,133,1,B_exact_finite_discrete_gaussian,0.09884390585416583,sample_union_vs_hellinger,1.880766740248834,0.1859023306068021
8,133,1,B_exact_finite_discrete_gaussian,0.0,distribution_bound_vs_factor_event,,0.09884390585416583
8,133,2,B_exact_finite_discrete_gaussian,0.0,omitted_gate_triangle,,0.0
8,133,2,B_exact_finite_discrete_gaussian,0.0,product_tensor_triangle,,0.0
8,133,2,B_exact_finite_discrete_gaussian,4.2146848510894035e-08,prepared_state_restriction,0.0,0.0
8,133,2,B_exact_finite_discrete_gaussian,0.0,measurement_data_processing,,4.2146848510894035e-08
8,133,2,B_exact_finite_discrete_gaussian,0.0,sample_union_vs_hellinger,,0.0
8,133,2,B_exact_finite_discrete_gaussian,0.0,distribution_bound_vs_factor_event,,0.0
8,161,0,A_uniform_hard_box,1.98288972274762,omitted_gate_triangle,1.9804383329728237,3.9269908169872414
8,161,0,A_uniform_hard_box,1.9999999999999993,product_tensor_triangle,3.9269908169872427,7.853981633974483
8,161,0,A_uniform_hard_box,0.9588447663449515,prepared_state_restriction,2.0858433713142723,1.9999999999999993
8,161,0,A_uniform_hard_box,0.15570175798829355,measurement_data_processing,6.15821413151316,0.9588447663449515
8,161,0,A_uniform_hard_box,0.6351056220900708,sample_union_vs_hellinger,1.5745412498618692,1.0
8,161,0,A_uniform_hard_box,0.0,distribution_bound_vs_factor_event,,0.6351056220900708
8,161,1,A_uniform_hard_box,0.7653668647301793,omitted_gate_triangle,1.0261721529770311,0.7853981633974483
8,161,1,A_uniform_hard_box,1.4142135623730947,product_tensor_triangle,1.1107207345395917,1.5707963267948966
8,161,1,A_uniform_hard_box,0.4556382296502428,prepared_state_restriction,3.1038079562785454,1.4142135623730947
8,161,1,A_uniform_hard_box,0.047731640976587164,measurement_data_processing,9.545832079683533,0.4556382296502428
8,161,1,A_uniform_hard_box,0.2164566714789519,sample_union_vs_hellinger,1.5435952357264253,0.33412148683611015
8,161,1,A_uniform_hard_box,0.0,distribution_bound_vs_factor_event,,0.2164566714789519
8,161,2,A_uniform_hard_box,0.0,omitted_gate_triangle,,0.0
8,161,2,A_uniform_hard_box,0.0,product_tensor_triangle,,0.0
8,161,2,A_uniform_hard_box,2.1073424255447017e-08,prepared_state_restriction,0.0,0.0
8,161,2,A_uniform_hard_box,0.0,measurement_data_processing,,2.1073424255447017e-08
8,161,2,A_uniform_hard_box,0.0,sample_union_vs_hellinger,,0.0
8,161,2,A_uniform_hard_box,0.0,distribution_bound_vs_factor_event,,0.0
8,161,0,B_exact_finite_discrete_gaussian,1.98288972274762,omitted_gate_triangle,1.9804383329728237,3.9269908169872414
8,161,0,B_exact_finite_discrete_gaussian,1.9999999999999993,product_tensor_triangle,3.9269908169872427,7.853981633974483
8,161,0,B_exact_finite_discrete_gaussian,0.9546537751341072,prepared_state_restriction,2.095000357296073,1.9999999999999993
8,161,0,B_exact_finite_discrete_gaussian,0.072583995333447,measurement_data_processing,13.15240048096662,0.9546537751341072
8,161,0,B_exact_finite_discrete_gaussian,0.30966976295642645,sample_union_vs_hellinger,1.640741293187291,0.508087967334129
8,161,0,B_exact_finite_discrete_gaussian,0.0,distribution_bound_vs_factor_event,,0.30966976295642645
8,161,1,B_exact_finite_discrete_gaussian,0.7653668647301793,omitted_gate_triangle,1.0261721529770311,0.7853981633974483
8,161,1,B_exact_finite_discrete_gaussian,1.4142135623730947,product_tensor_triangle,1.1107207345395917,1.5707963267948966
8,161,1,B_exact_finite_discrete_gaussian,0.4551916689564455,prepared_state_restriction,3.106852912346276,1.4142135623730947
8,161,1,B_exact_finite_discrete_gaussian,0.017628835126892888,measurement_data_processing,25.820859159437486,0.4551916689564455
8,161,1,B_exact_finite_discrete_gaussian,0.06730670020129663,sample_union_vs_hellinger,1.833425877649443,0.1234018458882502
8,161,1,B_exact_finite_discrete_gaussian,0.0,distribution_bound_vs_factor_event,,0.06730670020129663
8,161,2,B_exact_finite_discrete_gaussian,0.0,omitted_gate_triangle,,0.0
8,161,2,B_exact_finite_discrete_gaussian,0.0,product_tensor_triangle,,0.0
8,161,2,B_exact_finite_discrete_gaussian,4.470348358154297e-08,prepared_state_restriction,0.0,0.0
8,161,2,B_exact_finite_discrete_gaussian,0.0,measurement_data_processing,,4.470348358154297e-08
8,161,2,B_exact_finite_discrete_gaussian,0.0,sample_union_vs_hellinger,,0.0
8,161,2,B_exact_finite_discrete_gaussian,0.0,distribution_bound_vs_factor_event,,0.0
16,55,0,A_uniform_hard_box,1.9957178464772065,omitted_gate_triangle,3.345104319562218,6.675884388878311
16,55,0,A_uniform_hard_box,1.999999999999999,product_tensor_triangle,6.675884388878314,13.351768777756622
16,55,0,A_uniform_hard_box,0.9927194661163714,prepared_state_restriction,2.0146678576015242,1.999999999999999
16,55,0,A_uniform_hard_box,0.5512260265753941,measurement_data_processing,1.8009299602267455,0.9927194661163714
16,55,0,A_uniform_hard_box,0.9963866662673716,sample_union_vs_hellinger,1.0036264372607118,1.0
16,55,0,A_uniform_hard_box,0.421875,distribution_bound_vs_factor_event,2.361805431152288,0.9963866662673716
16,55,1,A_uniform_hard_box,1.66293922460509,omitted_gate_triangle,1.1807379244180771,1.9634954084936207
16,55,1,A_uniform_hard_box,1.9999999999999991,product_tensor_triangle,1.9634954084936216,3.9269908169872414
16,55,1,A_uniform_hard_box,0.7408368808111846,prepared_state_restriction,2.6996496149193936,1.9999999999999991
16,55,1,A_uniform_hard_box,0.269797038129302,measurement_data_processing,2.7459044248518905,0.7408368808111846
16,55,1,A_uniform_hard_box,0.866645440665657,sample_union_vs_hellinger,1.1538744140070887,1.0
16,55,1,A_uniform_hard_box,0.390625,distribution_bound_vs_factor_event,2.218612328104082,0.866645440665657
16,55,2,A_uniform_hard_box,0.3901806440322565,omitted_gate_triangle,1.006454542799564,0.39269908169872414
16,55,2,A_uniform_hard_box,0.7653668647301796,product_tensor_triangle,1.026172152977031,0.7853981633974483
16,55,2,A_uniform_hard_box,0.23722462684796852,prepared_state_restriction,3.2263381542620553,0.7653668647301796
16,55,2,A_uniform_hard_box,0.03714204917516972,measurement_data_processing,6.386955811973842,0.23722462684796852
16,55,2,A_uniform_hard_box,0.2981507132406795,sample_union_vs_hellinger,0.8720232173864026,0.25999434422618806
16,55,2,A_uniform_hard_box,0.03125,distribution_bound_vs_factor_event,9.540822823701744,0.2981507132406795
16,55,3,A_uniform_hard_box,0.0,omitted_gate_triangle,,0.0
16,55,3,A_uniform_hard_box,0.0,product_tensor_triangle,,0.0
16,55,3,A_uniform_hard_box,5.1619136559035694e-08,prepared_state_restriction,0.0,0.0
16,55,3,A_uniform_hard_box,0.0,measurement_data_processing,,5.1619136559035694e-08
16,55,3,A_uniform_hard_box,0.0,sample_union_vs_hellinger,,0.0
16,55,3,A_uniform_hard_box,0.0,distribution_bound_vs_factor_event,,0.0
16,55,0,B_exact_finite_discrete_gaussian,1.9957178464772065,omitted_gate_triangle,3.345104319562218,6.675884388878311
16,55,0,B_exact_finite_discrete_gaussian,1.999999999999999,product_tensor_triangle,6.675884388878314,13.351768777756622
16,55,0,B_exact_finite_discrete_gaussian,0.984721486807445,prepared_state_restriction,2.031031136005956,1.999999999999999
16,55,0,B_exact_finite_discrete_gaussian,0.3501792145963074,measurement_data_processing,2.812050075395391,0.984721486807445
16,55,0,B_exact_finite_discrete_gaussian,0.8829294817397042,sample_union_vs_hellinger,1.132593282568414,1.0
16,55,0,B_exact_finite_discrete_gaussian,0.0625,distribution_bound_vs_factor_event,14.126871707835267,0.8829294817397042
16,55,1,B_exact_finite_discrete_gaussian,1.66293922460509,omitted_gate_triangle,1.1807379244180771,1.9634954084936207
16,55,1,B_exact_finite_discrete_gaussian,1.9999999999999991,product_tensor_triangle,1.9634954084936216,3.9269908169872414
16,55,1,B_exact_finite_discrete_gaussian,0.7014895098851657,prepared_state_restriction,2.8510761341640025,1.9999999999999991
16,55,1,B_exact_finite_discrete_gaussian,0.15822745138145117,measurement_data_processing,4.433424818263871,0.7014895098851657
16,55,1,B_exact_finite_discrete_gaussian,0.5754829557619704,sample_union_vs_hellinger,1.7376709248946325,1.0
16,55,1,B_exact_finite_discrete_gaussian,0.0625,distribution_bound_vs_factor_event,9.207727292191526,0.5754829557619704
16,55,2,B_exact_finite_discrete_gaussian,0.3901806440322565,omitted_gate_triangle,1.006454542799564,0.39269908169872414
16,55,2,B_exact_finite_discrete_gaussian,0.7653668647301796,product_tensor_triangle,1.026172152977031,0.7853981633974483
16,55,2,B_exact_finite_discrete_gaussian,0.23693283380020927,prepared_state_restriction,3.230311529450434,0.7653668647301796
16,55,2,B_exact_finite_discrete_gaussian,0.022633082118029425,measurement_data_processing,10.468429910015194,0.23693283380020927
16,55,2,B_exact_finite_discrete_gaussian,0.1364313926134943,sample_union_vs_hellinger,1.1612545455358467,0.15843157482620598
16,55,2,B_exact_finite_discrete_gaussian,0.015625,distribution_bound_vs_factor_event,8.731609127263635,0.1364313926134943
16,55,3,B_exact_finite_discrete_gaussian,0.0,omitted_gate_triangle,,0.0
16,55,3,B_exact_finite_discrete_gaussian,0.0,product_tensor_triangle,,0.0
16,55,3,B_exact_finite_discrete_gaussian,5.5755039852469285e-08,prepared_state_restriction,0.0,0.0
16,55,3,B_exact_finite_discrete_gaussian,0.0,measurement_data_processing,,5.5755039852469285e-08
16,55,3,B_exact_finite_discrete_gaussian,5.5755039852469285e-08,sample_union_vs_hellinger,0.0,0.0
16,55,3,B_exact_finite_discrete_gaussian,0.0,distribution_bound_vs_factor_event,,5.5755039852469285e-08
16,65,0,A_uniform_hard_box,1.9957178464772065,omitted_gate_triangle,3.345104319562218,6.675884388878311
16,65,0,A_uniform_hard_box,1.999999999999999,product_tensor_triangle,6.675884388878314,13.351768777756622
16,65,0,A_uniform_hard_box,0.9490264048891289,prepared_state_restriction,2.107422922793862,1.999999999999999
16,65,0,A_uniform_hard_box,0.4697201856149429,measurement_data_processing,2.020407966173933,0.9490264048891289
16,65,0,A_uniform_hard_box,0.9920767506490119,sample_union_vs_hellinger,1.007986528608603,1.0
16,65,0,A_uniform_hard_box,0.46875,distribution_bound_vs_factor_event,2.1164304013845587,0.9920767506490119
16,65,1,A_uniform_hard_box,1.66293922460509,omitted_gate_triangle,1.1807379244180771,1.9634954084936207
16,65,1,A_uniform_hard_box,1.9999999999999991,product_tensor_triangle,1.9634954084936216,3.9269908169872414
16,65,1,A_uniform_hard_box,0.7686530778496413,prepared_state_restriction,2.601954064368198,1.9999999999999991
16,65,1,A_uniform_hard_box,0.1241355375129504,measurement_data_processing,6.192046961326057,0.7686530778496413
16,65,1,A_uniform_hard_box,0.632004717980972,sample_union_vs_hellinger,1.374908664236925,0.8689487625906528
16,65,1,A_uniform_hard_box,0.1875,distribution_bound_vs_factor_event,3.3706918292318506,0.632004717980972
16,65,2,A_uniform_hard_box,0.3901806440322565,omitted_gate_triangle,1.006454542799564,0.39269908169872414
16,65,2,A_uniform_hard_box,0.7653668647301796,product_tensor_triangle,1.026172152977031,0.7853981633974483
16,65,2,A_uniform_hard_box,0.2555685157639243,prepared_state_restriction,2.9947619425750003,0.7653668647301796
16,65,2,A_uniform_hard_box,4.381532029557045e-17,measurement_data_processing,5832857412427983.0,0.2555685157639243
16,65,2,A_uniform_hard_box,0.0,sample_union_vs_hellinger,,3.0670724206899314e-16
16,65,2,A_uniform_hard_box,0.0,distribution_bound_vs_factor_event,,0.0
16,65,3,A_uniform_hard_box,0.0,omitted_gate_triangle,,0.0
16,65,3,A_uniform_hard_box,0.0,product_tensor_triangle,,0.0
16,65,3,A_uniform_hard_box,5.1619136559035694e-08,prepared_state_restriction,0.0,0.0
16,65,3,A_uniform_hard_box,0.0,measurement_data_processing,,5.1619136559035694e-08
16,65,3,A_uniform_hard_box,0.0,sample_union_vs_hellinger,,0.0
16,65,3,A_uniform_hard_box,0.0,distribution_bound_vs_factor_event,,0.0
16,65,0,B_exact_finite_discrete_gaussian,1.9957178464772065,omitted_gate_triangle,3.345104319562218,6.675884388878311
16,65,0,B_exact_finite_discrete_gaussian,1.999999999999999,product_tensor_triangle,6.675884388878314,13.351768777756622
16,65,0,B_exact_finite_discrete_gaussian,0.9864788497077576,prepared_state_restriction,2.02741295527268,1.999999999999999
16,65,0,B_exact_finite_discrete_gaussian,0.3208233895067516,measurement_data_processing,3.074834572455627,0.9864788497077576
16,65,0,B_exact_finite_discrete_gaussian,0.8861682537890211,sample_union_vs_hellinger,1.1284538751238995,1.0
16,65,0,B_exact_finite_discrete_gaussian,0.265625,distribution_bound_vs_factor_event,3.3361628377939616,0.8861682537890211
16,65,1,B_exact_finite_discrete_gaussian,1.66293922460509,omitted_gate_triangle,1.1807379244180771,1.9634954084936207
16,65,1,B_exact_finite_discrete_gaussian,1.9999999999999991,product_tensor_triangle,1.9634954084936216,3.9269908169872414
16,65,1,B_exact_finite_discrete_gaussian,0.7023091645211349,prepared_state_restriction,2.8477486853865654,1.9999999999999991
16,65,1,B_exact_finite_discrete_gaussian,0.08016989300255808,measurement_data_processing,8.760260719054788,0.7023091645211349
16,65,1,B_exact_finite_discrete_gaussian,0.3526866909026566,sample_union_vs_hellinger,1.5911835220705786,0.5611892510179066
16,65,1,B_exact_finite_discrete_gaussian,0.125,distribution_bound_vs_factor_event,2.8214935272212527,0.3526866909026566
16,65,2,B_exact_finite_discrete_gaussian,0.3901806440322565,omitted_gate_triangle,1.006454542799564,0.39269908169872414
16,65,2,B_exact_finite_discrete_gaussian,0.7653668647301796,product_tensor_triangle,1.026172152977031,0.7853981633974483
16,65,2,B_exact_finite_discrete_gaussian,0.2369330985230224,prepared_state_restriction,3.230307920257963,0.7653668647301796
16,65,2,B_exact_finite_discrete_gaussian,4.662069341687669e-17,measurement_data_processing,5082144454703727.0,0.2369330985230224
16,65,2,B_exact_finite_discrete_gaussian,0.0,sample_union_vs_hellinger,,3.2634485391813683e-16
16,65,2,B_exact_finite_discrete_gaussian,0.0,distribution_bound_vs_factor_event,,0.0
16,65,3,B_exact_finite_discrete_gaussian,0.0,omitted_gate_triangle,,0.0
16,65,3,B_exact_finite_discrete_gaussian,0.0,product_tensor_triangle,,0.0
16,65,3,B_exact_finite_discrete_gaussian,5.3726900748371916e-08,prepared_state_restriction,0.0,0.0
16,65,3,B_exact_finite_discrete_gaussian,0.0,measurement_data_processing,,5.3726900748371916e-08
16,65,3,B_exact_finite_discrete_gaussian,0.0,sample_union_vs_hellinger,,0.0
16,65,3,B_exact_finite_discrete_gaussian,0.0,distribution_bound_vs_factor_event,,0.0
16,85,0,A_uniform_hard_box,1.9957178464772065,omitted_gate_triangle,3.345104319562218,6.675884388878311
16,85,0,A_uniform_hard_box,1.999999999999999,product_tensor_triangle,6.675884388878314,13.351768777756622
16,85,0,A_uniform_hard_box,0.9248533725603422,prepared_state_restriction,2.162504954123967,1.999999999999999
16,85,0,A_uniform_hard_box,4.1297882679821904e-34,measurement_data_processing,2.23946922347238e+33,0.9248533725603422
16,85,0,A_uniform_hard_box,0.0,sample_union_vs_hellinger,,2.8908517875875333e-33
16,85,0,A_uniform_hard_box,0.0,distribution_bound_vs_factor_event,,0.0
16,85,1,A_uniform_hard_box,1.66293922460509,omitted_gate_triangle,1.1807379244180771,1.9634954084936207
16,85,1,A_uniform_hard_box,1.9999999999999991,product_tensor_triangle,1.9634954084936216,3.9269908169872414
16,85,1,A_uniform_hard_box,0.33141357403559524,prepared_state_restriction,6.034755835876507,1.9999999999999991
16,85,1,A_uniform_hard_box,3.3891958414494e-34,measurement_data_processing,9.778531236892618e+32,0.33141357403559524
16,85,1,A_uniform_hard_box,0.0,sample_union_vs_hellinger,,2.3724370890145802e-33
16,85,1,A_uniform_hard_box,0.0,distribution_bound_vs_factor_event,,0.0
16,85,2,A_uniform_hard_box,0.3901806440322565,omitted_gate_triangle,1.006454542799564,0.39269908169872414
16,85,2,A_uniform_hard_box,0.7653668647301796,product_tensor_triangle,1.026172152977031,0.7853981633974483
16,85,2,A_uniform_hard_box,5.3726900748371916e-08,prepared_state_restriction,14245505.586014515,0.7653668647301796
16,85,2,A_uniform_hard_box,1.5563913242878803e-34,measurement_data_processing,3.45201749135645e+26,5.3726900748371916e-08
16,85,2,A_uniform_hard_box,0.0,sample_union_vs_hellinger,,1.0894739270015162e-33
16,85,2,A_uniform_hard_box,0.0,distribution_bound_vs_factor_event,,0.0
16,85,3,A_uniform_hard_box,0.0,omitted_gate_triangle,,0.0
16,85,3,A_uniform_hard_box,0.0,product_tensor_triangle,,0.0
16,85,3,A_uniform_hard_box,5.3726900748371916e-08,prepared_state_restriction,0.0,0.0
16,85,3,A_uniform_hard_box,0.0,measurement_data_processing,,5.3726900748371916e-08
16,85,3,A_uniform_hard_box,0.0,sample_union_vs_hellinger,,0.0
16,85,3,A_uniform_hard_box,0.0,distribution_bound_vs_factor_event,,0.0
16,85,0,B_exact_finite_discrete_gaussian,1.9957178464772065,omitted_gate_triangle,3.345104319562218,6.675884388878311
16,85,0,B_exact_finite_discrete_gaussian,1.999999999999999,product_tensor_triangle,6.675884388878314,13.351768777756622
16,85,0,B_exact_finite_discrete_gaussian,0.9820751886650121,prepared_state_restriction,2.036503949070037,1.999999999999999
16,85,0,B_exact_finite_discrete_gaussian,0.1822801213593045,measurement_data_processing,5.387725119675437,0.9820751886650121
16,85,0,B_exact_finite_discrete_gaussian,0.58255319227394,sample_union_vs_hellinger,1.716581443999297,1.0
16,85,0,B_exact_finite_discrete_gaussian,0.0,distribution_bound_vs_factor_event,,0.58255319227394
16,85,1,B_exact_finite_discrete_gaussian,1.66293922460509,omitted_gate_triangle,1.1807379244180771,1.9634954084936207
16,85,1,B_exact_finite_discrete_gaussian,1.9999999999999991,product_tensor_triangle,1.9634954084936216,3.9269908169872414
16,85,1,B_exact_finite_discrete_gaussian,0.700724137782488,prepared_state_restriction,2.8541902471480434,1.9999999999999991
16,85,1,B_exact_finite_discrete_gaussian,0.013906229532714455,measurement_data_processing,50.389225644092235,0.700724137782488
16,85,1,B_exact_finite_discrete_gaussian,0.0863344083309376,sample_union_vs_hellinger,1.1275180847462702,0.09734360672900119
16,85,1,B_exact_finite_discrete_gaussian,0.0,distribution_bound_vs_factor_event,,0.0863344083309376
16,85,2,B_exact_finite_discrete_gaussian,0.3901806440322565,omitted_gate_triangle,1.006454542799564,0.39269908169872414
16,85,2,B_exact_finite_discrete_gaussian,0.7653668647301796,product_tensor_triangle,1.026172152977031,0.7853981633974483
16,85,2,B_exact_finite_discrete_gaussian,0.23664069031709312,prepared_state_restriction,3.234299493061001,0.7653668647301796
16,85,2,B_exact_finite_discrete_gaussian,3.2959746043559335e-17,measurement_data_processing,7179687913989103.0,0.23664069031709312
16,85,2,B_exact_finite_discrete_gaussian,0.0,sample_union_vs_hellinger,,2.3071822230491534e-16
16,85,2,B_exact_finite_discrete_gaussian,0.0,distribution_bound_vs_factor_event,,0.0
16,85,3,B_exact_finite_discrete_gaussian,0.0,omitted_gate_triangle,,0.0
16,85,3,B_exact_finite_discrete_gaussian,0.0,product_tensor_triangle,,0.0
16,85,3,B_exact_finite_discrete_gaussian,5.3726900748371916e-08,prepared_state_restriction,0.0,0.0
16,85,3,B_exact_finite_discrete_gaussian,0.0,measurement_data_processing,,5.3726900748371916e-08
16,85,3,B_exact_finite_discrete_gaussian,0.0,sample_union_vs_hellinger,,0.0
16,85,3,B_exact_finite_discrete_gaussian,0.0,distribution_bound_vs_factor_event,,0.0
16,95,0,A_uniform_hard_box,1.9957178464772065,omitted_gate_triangle,3.345104319562218,6.675884388878311
16,95,0,A_uniform_hard_box,1.999999999999999,product_tensor_triangle,6.675884388878314,13.351768777756622
16,95,0,A_uniform_hard_box,0.9989801289603143,prepared_state_restriction,2.0020418244770224,1.999999999999999
16,95,0,A_uniform_hard_box,0.5629997531179902,measurement_data_processing,1.7743882185165964,0.9989801289603143
16,95,0,A_uniform_hard_box,0.9957041485380816,sample_union_vs_hellinger,1.0043143854208356,1.0
16,95,0,A_uniform_hard_box,0.0,distribution_bound_vs_factor_event,,0.9957041485380816
16,95,1,A_uniform_hard_box,1.66293922460509,omitted_gate_triangle,1.1807379244180771,1.9634954084936207
16,95,1,A_uniform_hard_box,1.9999999999999991,product_tensor_triangle,1.9634954084936216,3.9269908169872414
16,95,1,A_uniform_hard_box,0.7185204861194768,prepared_state_restriction,2.783497532271384,1.9999999999999991
16,95,1,A_uniform_hard_box,0.24626458582104765,measurement_data_processing,2.9176768706873752,0.7185204861194768
16,95,1,A_uniform_hard_box,0.8045781683241029,sample_union_vs_hellinger,1.242887315825324,1.0
16,95,1,A_uniform_hard_box,0.0,distribution_bound_vs_factor_event,,0.8045781683241029
16,95,2,A_uniform_hard_box,0.3901806440322565,omitted_gate_triangle,1.006454542799564,0.39269908169872414
16,95,2,A_uniform_hard_box,0.7653668647301796,product_tensor_triangle,1.026172152977031,0.7853981633974483
16,95,2,A_uniform_hard_box,0.237224626847969,prepared_state_restriction,3.226338154262049,0.7653668647301796
16,95,2,A_uniform_hard_box,0.03489527239660034,measurement_data_processing,6.798188137115116,0.237224626847969
16,95,2,A_uniform_hard_box,0.26159178644963604,sample_union_vs_hellinger,0.9337713163376817,0.24426690677620239
16,95,2,A_uniform_hard_box,0.0,distribution_bound_vs_factor_event,,0.26159178644963604
16,95,3,A_uniform_hard_box,0.0,omitted_gate_triangle,,0.0
16,95,3,A_uniform_hard_box,0.0,product_tensor_triangle,,0.0
16,95,3,A_uniform_hard_box,5.5755039852469285e-08,prepared_state_restriction,0.0,0.0
16,95,3,A_uniform_hard_box,0.0,measurement_data_processing,,5.5755039852469285e-08
16,95,3,A_uniform_hard_box,0.0,sample_union_vs_hellinger,,0.0
16,95,3,A_uniform_hard_box,0.0,distribution_bound_vs_factor_event,,0.0
16,95,0,B_exact_finite_discrete_gaussian,1.9957178464772065,omitted_gate_triangle,3.345104319562218,6.675884388878311
16,95,0,B_exact_finite_discrete_gaussian,1.999999999999999,product_tensor_triangle,6.675884388878314,13.351768777756622
16,95,0,B_exact_finite_discrete_gaussian,0.9839414476315361,prepared_state_restriction,2.032641276383098,1.999999999999999
16,95,0,B_exact_finite_discrete_gaussian,0.14530273601875332,measurement_data_processing,6.771664970606919,0.9839414476315361
16,95,0,B_exact_finite_discrete_gaussian,0.4659811710345192,sample_union_vs_hellinger,2.1460094573776707,1.0
16,95,0,B_exact_finite_discrete_gaussian,0.0,distribution_bound_vs_factor_event,,0.4659811710345192
16,95,1,B_exact_finite_discrete_gaussian,1.66293922460509,omitted_gate_triangle,1.1807379244180771,1.9634954084936207
16,95,1,B_exact_finite_discrete_gaussian,1.9999999999999991,product_tensor_triangle,1.9634954084936216,3.9269908169872414
16,95,1,B_exact_finite_discrete_gaussian,0.7014737770895983,prepared_state_restriction,2.8511400786754453,1.9999999999999991
16,95,1,B_exact_finite_discrete_gaussian,0.05598964763577757,measurement_data_processing,12.528633536913961,0.7014737770895983
16,95,1,B_exact_finite_discrete_gaussian,0.18689220663182624,sample_union_vs_hellinger,2.0970779922489338,0.391927533450443
16,95,1,B_exact_finite_discrete_gaussian,0.0,distribution_bound_vs_factor_event,,0.18689220663182624
16,95,2,B_exact_finite_discrete_gaussian,0.3901806440322565,omitted_gate_triangle,1.006454542799564,0.39269908169872414
16,95,2,B_exact_finite_discrete_gaussian,0.7653668647301796,product_tensor_triangle,1.026172152977031,0.7853981633974483
16,95,2,B_exact_finite_discrete_gaussian,0.23693283380020927,prepared_state_restriction,3.230311529450434,0.7653668647301796
16,95,2,B_exact_finite_discrete_gaussian,0.008493192300823921,measurement_data_processing,27.896793738818854,0.23693283380020927
16,95,2,B_exact_finite_discrete_gaussian,0.03212721131702043,sample_union_vs_hellinger,1.850529307356056,0.059452346105767453
16,95,2,B_exact_finite_discrete_gaussian,0.0,distribution_bound_vs_factor_event,,0.03212721131702043
16,95,3,B_exact_finite_discrete_gaussian,0.0,omitted_gate_triangle,,0.0
16,95,3,B_exact_finite_discrete_gaussian,0.0,product_tensor_triangle,,0.0
16,95,3,B_exact_finite_discrete_gaussian,5.5755039852469285e-08,prepared_state_restriction,0.0,0.0
16,95,3,B_exact_finite_discrete_gaussian,0.0,measurement_data_processing,,5.5755039852469285e-08
16,95,3,B_exact_finite_discrete_gaussian,0.0,sample_union_vs_hellinger,,0.0
16,95,3,B_exact_finite_discrete_gaussian,0.0,distribution_bound_vs_factor_event,,0.0
16,115,0,A_uniform_hard_box,1.9957178464772065,omitted_gate_triangle,3.345104319562218,6.675884388878311
16,115,0,A_uniform_hard_box,1.999999999999999,product_tensor_triangle,6.675884388878314,13.351768777756622
16,115,0,A_uniform_hard_box,0.9992757519349301,prepared_state_restriction,2.001449545960996,1.999999999999999
16,115,0,A_uniform_hard_box,0.562385161923886,measurement_data_processing,1.7768529818896137,0.9992757519349301
16,115,0,A_uniform_hard_box,0.9929549398845824,sample_union_vs_hellinger,1.0070950451349148,1.0
16,115,0,A_uniform_hard_box,0.28125,distribution_bound_vs_factor_event,3.5305064529229595,0.9929549398845824
16,115,1,A_uniform_hard_box,1.66293922460509,omitted_gate_triangle,1.1807379244180771,1.9634954084936207
16,115,1,A_uniform_hard_box,1.9999999999999991,product_tensor_triangle,1.9634954084936216,3.9269908169872414
16,115,1,A_uniform_hard_box,0.7090364454491761,prepared_state_restriction,2.82072947425572,1.9999999999999991
16,115,1,A_uniform_hard_box,0.25716109109154606,measurement_data_processing,2.757168444260365,0.7090364454491761
16,115,1,A_uniform_hard_box,0.8187444150688334,sample_union_vs_hellinger,1.2213823772048913,1.0
16,115,1,A_uniform_hard_box,0.171875,distribution_bound_vs_factor_event,4.763603869491394,0.8187444150688334
16,115,2,A_uniform_hard_box,0.3901806440322565,omitted_gate_triangle,1.006454542799564,0.39269908169872414
16,115,2,A_uniform_hard_box,0.7653668647301796,product_tensor_triangle,1.026172152977031,0.7853981633974483
16,115,2,A_uniform_hard_box,0.23722462684796805,prepared_state_restriction,3.2263381542620615,0.7653668647301796
16,115,2,A_uniform_hard_box,0.03620436650350126,measurement_data_processing,6.552376129134215,0.23722462684796805
16,115,2,A_uniform_hard_box,0.29180188991734374,sample_union_vs_hellinger,0.868502138887092,0.2534305655245088
16,115,2,A_uniform_hard_box,0.015625,distribution_bound_vs_factor_event,18.67532095471,0.29180188991734374
16,115,3,A_uniform_hard_box,0.0,omitted_gate_triangle,,0.0
16,115,3,A_uniform_hard_box,0.0,product_tensor_triangle,,0.0
16,115,3,A_uniform_hard_box,5.3726900748371916e-08,prepared_state_restriction,0.0,0.0
16,115,3,A_uniform_hard_box,0.0,measurement_data_processing,,5.3726900748371916e-08
16,115,3,A_uniform_hard_box,0.0,sample_union_vs_hellinger,,0.0
16,115,3,A_uniform_hard_box,0.0,distribution_bound_vs_factor_event,,0.0
16,115,0,B_exact_finite_discrete_gaussian,1.9957178464772065,omitted_gate_triangle,3.345104319562218,6.675884388878311
16,115,0,B_exact_finite_discrete_gaussian,1.999999999999999,product_tensor_triangle,6.675884388878314,13.351768777756622
16,115,0,B_exact_finite_discrete_gaussian,0.9819437245735009,prepared_state_restriction,2.0367765992584577,1.999999999999999
16,115,0,B_exact_finite_discrete_gaussian,0.2303007120394827,measurement_data_processing,4.263745934077514,0.9819437245735009
16,115,0,B_exact_finite_discrete_gaussian,0.6703111026528626,sample_union_vs_hellinger,1.491844601771239,1.0
16,115,0,B_exact_finite_discrete_gaussian,0.125,distribution_bound_vs_factor_event,5.362488821222901,0.6703111026528626
16,115,1,B_exact_finite_discrete_gaussian,1.66293922460509,omitted_gate_triangle,1.1807379244180771,1.9634954084936207
16,115,1,B_exact_finite_discrete_gaussian,1.9999999999999991,product_tensor_triangle,1.9634954084936216,3.9269908169872414
16,115,1,B_exact_finite_discrete_gaussian,0.7014580516841165,prepared_state_restriction,2.8512039960169244,1.9999999999999991
16,115,1,B_exact_finite_discrete_gaussian,0.12096925226212449,measurement_data_processing,5.798647495680546,0.7014580516841165
16,115,1,B_exact_finite_discrete_gaussian,0.4215873057309707,sample_union_vs_hellinger,2.0085632425925883,0.8467847658348714
16,115,1,B_exact_finite_discrete_gaussian,0.109375,distribution_bound_vs_factor_event,3.8545125095403034,0.4215873057309707
16,115,2,B_exact_finite_discrete_gaussian,0.3901806440322565,omitted_gate_triangle,1.006454542799564,0.39269908169872414
16,115,2,B_exact_finite_discrete_gaussian,0.7653668647301796,product_tensor_triangle,1.026172152977031,0.7853981633974483
16,115,2,B_exact_finite_discrete_gaussian,0.2369328338002088,prepared_state_restriction,3.2303115294504408,0.7653668647301796
16,115,2,B_exact_finite_discrete_gaussian,0.017635261533957013,measurement_data_processing,13.435175505846077,0.2369328338002088
16,115,2,B_exact_finite_discrete_gaussian,0.07935492260443976,sample_union_vs_hellinger,1.5556291492217078,0.12344683073769909
16,115,2,B_exact_finite_discrete_gaussian,0.015625,distribution_bound_vs_factor_event,5.078715046684144,0.07935492260443976
16,115,3,B_exact_finite_discrete_gaussian,0.0,omitted_gate_triangle,,0.0
16,115,3,B_exact_finite_discrete_gaussian,0.0,product_tensor_triangle,,0.0
16,115,3,B_exact_finite_discrete_gaussian,5.5755039852469285e-08,prepared_state_restriction,0.0,0.0
16,115,3,B_exact_finite_discrete_gaussian,0.0,measurement_data_processing,,5.5755039852469285e-08
16,115,3,B_exact_finite_discrete_gaussian,0.0,sample_union_vs_hellinger,,0.0
16,115,3,B_exact_finite_discrete_gaussian,0.0,distribution_bound_vs_factor_event,,0.0
16,119,0,A_uniform_hard_box,1.9957178464772065,omitted_gate_triangle,3.345104319562218,6.675884388878311
16,119,0,A_uniform_hard_box,1.999999999999999,product_tensor_triangle,6.675884388878314,13.351768777756622
16,119,0,A_uniform_hard_box,0.9945726230353011,prepared_state_restriction,2.0109139882578604,1.999999999999999
16,119,0,A_uniform_hard_box,0.4102233085424146,measurement_data_processing,2.4244663877563855,0.9945726230353011
16,119,0,A_uniform_hard_box,0.9514803165537156,sample_union_vs_hellinger,1.0509938908899596,1.0
16,119,0,A_uniform_hard_box,0.0,distribution_bound_vs_factor_event,,0.9514803165537156
16,119,1,A_uniform_hard_box,1.66293922460509,omitted_gate_triangle,1.1807379244180771,1.9634954084936207
16,119,1,A_uniform_hard_box,1.9999999999999991,product_tensor_triangle,1.9634954084936216,3.9269908169872414
16,119,1,A_uniform_hard_box,0.7448187874755877,prepared_state_restriction,2.6852169059518407,1.9999999999999991
16,119,1,A_uniform_hard_box,0.14854418341487696,measurement_data_processing,5.0141228714108825,0.7448187874755877
16,119,1,A_uniform_hard_box,0.5899405870577021,sample_union_vs_hellinger,1.6950859492265955,1.0
16,119,1,A_uniform_hard_box,0.0,distribution_bound_vs_factor_event,,0.5899405870577021
16,119,2,A_uniform_hard_box,0.3901806440322565,omitted_gate_triangle,1.006454542799564,0.39269908169872414
16,119,2,A_uniform_hard_box,0.7653668647301796,product_tensor_triangle,1.026172152977031,0.7853981633974483
16,119,2,A_uniform_hard_box,0.25556851576392475,prepared_state_restriction,2.994761942574995,0.7653668647301796
16,119,2,A_uniform_hard_box,0.014940816768804255,measurement_data_processing,17.10539120575658,0.25556851576392475
16,119,2,A_uniform_hard_box,0.11550192379988312,sample_union_vs_hellinger,0.9054889645200491,0.10458571738162979
16,119,2,A_uniform_hard_box,0.0,distribution_bound_vs_factor_event,,0.11550192379988312
16,119,3,A_uniform_hard_box,0.0,omitted_gate_triangle,,0.0
16,119,3,A_uniform_hard_box,0.0,product_tensor_triangle,,0.0
16,119,3,A_uniform_hard_box,4.712160915387242e-08,prepared_state_restriction,0.0,0.0
16,119,3,A_uniform_hard_box,0.0,measurement_data_processing,,4.712160915387242e-08
16,119,3,A_uniform_hard_box,0.0,sample_union_vs_hellinger,,0.0
16,119,3,A_uniform_hard_box,0.0,distribution_bound_vs_factor_event,,0.0
16,119,0,B_exact_finite_discrete_gaussian,1.9957178464772065,omitted_gate_triangle,3.345104319562218,6.675884388878311
16,119,0,B_exact_finite_discrete_gaussian,1.999999999999999,product_tensor_triangle,6.675884388878314,13.351768777756622
16,119,0,B_exact_finite_discrete_gaussian,0.982591049881331,prepared_state_restriction,2.035434782600088,1.999999999999999
16,119,0,B_exact_finite_discrete_gaussian,0.11852729907895765,measurement_data_processing,8.289997810772455,0.982591049881331
16,119,0,B_exact_finite_discrete_gaussian,0.37310069281272,sample_union_vs_hellinger,2.22377258883615,0.8296910935527035
16,119,0,B_exact_finite_discrete_gaussian,0.0,distribution_bound_vs_factor_event,,0.37310069281272
16,119,1,B_exact_finite_discrete_gaussian,1.66293922460509,omitted_gate_triangle,1.1807379244180771,1.9634954084936207
16,119,1,B_exact_finite_discrete_gaussian,1.9999999999999991,product_tensor_triangle,1.9634954084936216,3.9269908169872414
16,119,1,B_exact_finite_discrete_gaussian,0.7014740441870475,prepared_state_restriction,2.85113899305831,1.9999999999999991
16,119,1,B_exact_finite_discrete_gaussian,0.02059863028797962,measurement_data_processing,34.05440237433624,0.7014740441870475
16,119,1,B_exact_finite_discrete_gaussian,0.07699714550095126,sample_union_vs_hellinger,1.8726721760623704,0.14419041201585733
16,119,1,B_exact_finite_discrete_gaussian,0.0,distribution_bound_vs_factor_event,,0.07699714550095126
16,119,2,B_exact_finite_discrete_gaussian,0.3901806440322565,omitted_gate_triangle,1.006454542799564,0.39269908169872414
16,119,2,B_exact_finite_discrete_gaussian,0.7653668647301796,product_tensor_triangle,1.026172152977031,0.7853981633974483
16,119,2,B_exact_finite_discrete_gaussian,0.23693309852302194,prepared_state_restriction,3.230307920257969,0.7653668647301796
16,119,2,B_exact_finite_discrete_gaussian,0.0014420655085794105,measurement_data_processing,164.30120345671847,0.23693309852302194
16,119,2,B_exact_finite_discrete_gaussian,0.005889897215123007,sample_union_vs_hellinger,1.7138598843689765,0.010094458560055874
16,119,2,B_exact_finite_discrete_gaussian,0.0,distribution_bound_vs_factor_event,,0.005889897215123007
16,119,3,B_exact_finite_discrete_gaussian,0.0,omitted_gate_triangle,,0.0
16,119,3,B_exact_finite_discrete_gaussian,0.0,product_tensor_triangle,,0.0
16,119,3,B_exact_finite_discrete_gaussian,5.3726900748371916e-08,prepared_state_restriction,0.0,0.0
16,119,3,B_exact_finite_discrete_gaussian,0.0,measurement_data_processing,,5.3726900748371916e-08
16,119,3,B_exact_finite_discrete_gaussian,0.0,sample_union_vs_hellinger,,0.0
16,119,3,B_exact_finite_discrete_gaussian,0.0,distribution_bound_vs_factor_event,,0.0
16,133,0,A_uniform_hard_box,1.9957178464772065,omitted_gate_triangle,3.345104319562218,6.675884388878311
16,133,0,A_uniform_hard_box,1.999999999999999,product_tensor_triangle,6.675884388878314,13.351768777756622
16,133,0,A_uniform_hard_box,0.9939657893767704,prepared_state_restriction,2.012141686741578,1.999999999999999
16,133,0,A_uniform_hard_box,0.5461561766814909,measurement_data_processing,1.819929594893943,0.9939657893767704
16,133,0,A_uniform_hard_box,0.9887833483446585,sample_union_vs_hellinger,1.0113438921419131,1.0
16,133,0,A_uniform_hard_box,0.0,distribution_bound_vs_factor_event,,0.9887833483446585
16,133,1,A_uniform_hard_box,1.66293922460509,omitted_gate_triangle,1.1807379244180771,1.9634954084936207
16,133,1,A_uniform_hard_box,1.9999999999999991,product_tensor_triangle,1.9634954084936216,3.9269908169872414
16,133,1,A_uniform_hard_box,0.7003670489164501,prepared_state_restriction,2.8556454834564726,1.9999999999999991
16,133,1,A_uniform_hard_box,0.2534399017719188,measurement_data_processing,2.763444288053504,0.7003670489164501
16,133,1,A_uniform_hard_box,0.7678419078717358,sample_union_vs_hellinger,1.302351421234285,1.0
16,133,1,A_uniform_hard_box,0.0,distribution_bound_vs_factor_event,,0.7678419078717358
16,133,2,A_uniform_hard_box,0.3901806440322565,omitted_gate_triangle,1.006454542799564,0.39269908169872414
16,133,2,A_uniform_hard_box,0.7653668647301796,product_tensor_triangle,1.026172152977031,0.7853981633974483
16,133,2,A_uniform_hard_box,0.23722462684796852,prepared_state_restriction,3.2263381542620553,0.7653668647301796
16,133,2,A_uniform_hard_box,0.03291783552730526,measurement_data_processing,7.206568203768783,0.23722462684796852
16,133,2,A_uniform_hard_box,0.20808993309434293,sample_union_vs_hellinger,1.1073329942716057,0.23042484869113683
16,133,2,A_uniform_hard_box,0.0,distribution_bound_vs_factor_event,,0.20808993309434293
16,133,3,A_uniform_hard_box,0.0,omitted_gate_triangle,,0.0
16,133,3,A_uniform_hard_box,0.0,product_tensor_triangle,,0.0
16,133,3,A_uniform_hard_box,3.650024149988857e-08,prepared_state_restriction,0.0,0.0
16,133,3,A_uniform_hard_box,0.0,measurement_data_processing,,3.650024149988857e-08
16,133,3,A_uniform_hard_box,0.0,sample_union_vs_hellinger,,0.0
16,133,3,A_uniform_hard_box,0.0,distribution_bound_vs_factor_event,,0.0
16,133,0,B_exact_finite_discrete_gaussian,1.9957178464772065,omitted_gate_triangle,3.345104319562218,6.675884388878311
16,133,0,B_exact_finite_discrete_gaussian,1.999999999999999,product_tensor_triangle,6.675884388878314,13.351768777756622
16,133,0,B_exact_finite_discrete_gaussian,0.9818599252531252,prepared_state_restriction,2.036950433112336,1.999999999999999
16,133,0,B_exact_finite_discrete_gaussian,0.10440444660135588,measurement_data_processing,9.404388004680769,0.9818599252531252
16,133,0,B_exact_finite_discrete_gaussian,0.33228448165580715,sample_union_vs_hellinger,2.1994139556794403,0.7308311262094912
16,133,0,B_exact_finite_discrete_gaussian,0.0,distribution_bound_vs_factor_event,,0.33228448165580715
16,133,1,B_exact_finite_discrete_gaussian,1.66293922460509,omitted_gate_triangle,1.1807379244180771,1.9634954084936207
16,133,1,B_exact_finite_discrete_gaussian,1.9999999999999991,product_tensor_triangle,1.9634954084936216,3.9269908169872414
16,133,1,B_exact_finite_discrete_gaussian,0.7014580488882173,prepared_state_restriction,2.851204007381366,1.9999999999999991
16,133,1,B_exact_finite_discrete_gaussian,0.04868122731337596,measurement_data_processing,14.409210441074485,0.7014580488882173
16,133,1,B_exact_finite_discrete_gaussian,0.16540833361410606,sample_union_vs_hellinger,2.060165795446783,0.3407685911936317
16,133,1,B_exact_finite_discrete_gaussian,0.0,distribution_bound_vs_factor_event,,0.16540833361410606
16,133,2,B_exact_finite_discrete_gaussian,0.3901806440322565,omitted_gate_triangle,1.006454542799564,0.39269908169872414
16,133,2,B_exact_finite_discrete_gaussian,0.7653668647301796,product_tensor_triangle,1.026172152977031,0.7853981633974483
16,133,2,B_exact_finite_discrete_gaussian,0.2369328338002088,prepared_state_restriction,3.2303115294504408,0.7653668647301796
16,133,2,B_exact_finite_discrete_gaussian,0.008073354923329622,measurement_data_processing,29.347506216472976,0.2369328338002088
16,133,2,B_exact_finite_discrete_gaussian,0.030262410659883433,sample_union_vs_hellinger,1.8674482049185515,0.056513484463307354
16,133,2,B_exact_finite_discrete_gaussian,0.0,distribution_bound_vs_factor_event,,0.030262410659883433
16,133,3,B_exact_finite_discrete_gaussian,0.0,omitted_gate_triangle,,0.0
16,133,3,B_exact_finite_discrete_gaussian,0.0,product_tensor_triangle,,0.0
16,133,3,B_exact_finite_discrete_gaussian,5.3726900748371916e-08,prepared_state_restriction,0.0,0.0
16,133,3,B_exact_finite_discrete_gaussian,0.0,measurement_data_processing,,5.3726900748371916e-08
16,133,3,B_exact_finite_discrete_gaussian,0.0,sample_union_vs_hellinger,,0.0
16,133,3,B_exact_finite_discrete_gaussian,0.0,distribution_bound_vs_factor_event,,0.0
16,161,0,A_uniform_hard_box,1.9957178464772065,omitted_gate_triangle,3.345104319562218,6.675884388878311
16,161,0,A_uniform_hard_box,1.999999999999999,product_tensor_triangle,6.675884388878314,13.351768777756622
16,161,0,A_uniform_hard_box,0.9945721399361918,prepared_state_restriction,2.010914965030402,1.999999999999999
16,161,0,A_uniform_hard_box,0.5009481765150883,measurement_data_processing,1.985379299821118,0.9945721399361918
16,161,0,A_uniform_hard_box,0.9830611375943799,sample_union_vs_hellinger,1.0172307313938487,1.0
16,161,0,A_uniform_hard_box,0.0,distribution_bound_vs_factor_event,,0.9830611375943799
16,161,1,A_uniform_hard_box,1.66293922460509,omitted_gate_triangle,1.1807379244180771,1.9634954084936207
16,161,1,A_uniform_hard_box,1.9999999999999991,product_tensor_triangle,1.9634954084936216,3.9269908169872414
16,161,1,A_uniform_hard_box,0.6990794188115373,prepared_state_restriction,2.86090527940313,1.9999999999999991
16,161,1,A_uniform_hard_box,0.1884359334553114,measurement_data_processing,3.709905037710484,0.6990794188115373
16,161,1,A_uniform_hard_box,0.6461995293085733,sample_union_vs_hellinger,1.5475096385012683,1.0
16,161,1,A_uniform_hard_box,0.0,distribution_bound_vs_factor_event,,0.6461995293085733
16,161,2,A_uniform_hard_box,0.3901806440322565,omitted_gate_triangle,1.006454542799564,0.39269908169872414
16,161,2,A_uniform_hard_box,0.7653668647301796,product_tensor_triangle,1.026172152977031,0.7853981633974483
16,161,2,A_uniform_hard_box,0.2372246268479697,prepared_state_restriction,3.2263381542620393,0.7653668647301796
16,161,2,A_uniform_hard_box,0.029093530915923684,measurement_data_processing,8.153861679199968,0.2372246268479697
16,161,2,A_uniform_hard_box,0.17485553703879617,sample_union_vs_hellinger,1.1647027017867886,0.2036547164114658
16,161,2,A_uniform_hard_box,0.0,distribution_bound_vs_factor_event,,0.17485553703879617
16,161,3,A_uniform_hard_box,0.0,omitted_gate_triangle,,0.0
16,161,3,A_uniform_hard_box,0.0,product_tensor_triangle,,0.0
16,161,3,A_uniform_hard_box,3.942476676500724e-08,prepared_state_restriction,0.0,0.0
16,161,3,A_uniform_hard_box,0.0,measurement_data_processing,,3.942476676500724e-08
16,161,3,A_uniform_hard_box,0.0,sample_union_vs_hellinger,,0.0
16,161,3,A_uniform_hard_box,0.0,distribution_bound_vs_factor_event,,0.0
16,161,0,B_exact_finite_discrete_gaussian,1.9957178464772065,omitted_gate_triangle,3.345104319562218,6.675884388878311
16,161,0,B_exact_finite_discrete_gaussian,1.999999999999999,product_tensor_triangle,6.675884388878314,13.351768777756622
16,161,0,B_exact_finite_discrete_gaussian,0.9818745393110535,prepared_state_restriction,2.0369201154796497,1.999999999999999
16,161,0,B_exact_finite_discrete_gaussian,0.09723108310196596,measurement_data_processing,10.098360606364576,0.9818745393110535
16,161,0,B_exact_finite_discrete_gaussian,0.32105893398022356,sample_union_vs_hellinger,2.119914787219988,0.6806175817137617
16,161,0,B_exact_finite_discrete_gaussian,0.0,distribution_bound_vs_factor_event,,0.32105893398022356
16,161,1,B_exact_finite_discrete_gaussian,1.66293922460509,omitted_gate_triangle,1.1807379244180771,1.9634954084936207
16,161,1,B_exact_finite_discrete_gaussian,1.9999999999999991,product_tensor_triangle,1.9634954084936216,3.9269908169872414
16,161,1,B_exact_finite_discrete_gaussian,0.7014580488882082,prepared_state_restriction,2.8512040073814027,1.9999999999999991
16,161,1,B_exact_finite_discrete_gaussian,0.03952868810086774,measurement_data_processing,17.745543365827253,0.7014580488882082
16,161,1,B_exact_finite_discrete_gaussian,0.1558033085028959,sample_union_vs_hellinger,1.7759623936415392,0.27670081670607416
16,161,1,B_exact_finite_discrete_gaussian,0.0,distribution_bound_vs_factor_event,,0.1558033085028959
16,161,2,B_exact_finite_discrete_gaussian,0.3901806440322565,omitted_gate_triangle,1.006454542799564,0.39269908169872414
16,161,2,B_exact_finite_discrete_gaussian,0.7653668647301796,product_tensor_triangle,1.026172152977031,0.7853981633974483
16,161,2,B_exact_finite_discrete_gaussian,0.2369328338002088,prepared_state_restriction,3.2303115294504408,0.7653668647301796
16,161,2,B_exact_finite_discrete_gaussian,0.004706428469833617,measurement_data_processing,50.34238495684285,0.2369328338002088
16,161,2,B_exact_finite_discrete_gaussian,0.019981474279964412,sample_union_vs_hellinger,1.648777203685593,0.03294499928883532
16,161,2,B_exact_finite_discrete_gaussian,0.0,distribution_bound_vs_factor_event,,0.019981474279964412
16,161,3,B_exact_finite_discrete_gaussian,0.0,omitted_gate_triangle,,0.0
16,161,3,B_exact_finite_discrete_gaussian,0.0,product_tensor_triangle,,0.0
16,161,3,B_exact_finite_discrete_gaussian,4.9421560620597e-08,prepared_state_restriction,0.0,0.0
16,161,3,B_exact_finite_discrete_gaussian,0.0,measurement_data_processing,,4.9421560620597e-08
16,161,3,B_exact_finite_discrete_gaussian,0.0,sample_union_vs_hellinger,,0.0
16,161,3,B_exact_finite_discrete_gaussian,0.0,distribution_bound_vs_factor_event,,0.0
32,55,0,A_uniform_hard_box,1.9983478729659827,omitted_gate_triangle,4.814540867371052,9.62112750161874
32,55,0,A_uniform_hard_box,0.9999693448062984,sample_union_vs_hellinger,1.0000306561334713,1.0
32,55,0,A_uniform_hard_box,0.421875,distribution_bound_vs_factor_event,2.370297706207522,0.9999693448062984
32,55,1,A_uniform_hard_box,1.9995793502381647,omitted_gate_triangle,1.6693221972119194,3.3379421944391554
32,55,1,A_uniform_hard_box,0.9737891261394712,sample_union_vs_hellinger,1.0269163755857906,1.0
32,55,1,A_uniform_hard_box,0.328125,distribution_bound_vs_factor_event,2.96773828918696,0.9737891261394712
32,55,2,A_uniform_hard_box,0.942793473651995,omitted_gate_triangle,1.0413178831668433,0.9817477042468103
32,55,2,A_uniform_hard_box,0.5934886700571841,sample_union_vs_hellinger,1.1649551251884727,0.691387667924407
32,55,2,A_uniform_hard_box,0.203125,distribution_bound_vs_factor_event,2.921790375666137,0.5934886700571841
32,55,3,A_uniform_hard_box,0.19603428065912118,omitted_gate_triangle,1.001608189083975,0.19634954084936207
32,55,3,A_uniform_hard_box,0.16264155782025452,sample_union_vs_hellinger,0.4976001476325654,0.08093046318254907
32,55,3,A_uniform_hard_box,0.046875,distribution_bound_vs_factor_event,3.4696865668320966,0.16264155782025452
32,55,4,A_uniform_hard_box,0.0,omitted_gate_triangle,,0.0
32,55,4,A_uniform_hard_box,0.0,sample_union_vs_hellinger,,0.0
32,55,4,A_uniform_hard_box,0.0,distribution_bound_vs_factor_event,,0.0
32,55,0,B_exact_finite_discrete_gaussian,1.9983478729659827,omitted_gate_triangle,4.814540867371052,9.62112750161874
32,55,0,B_exact_finite_discrete_gaussian,0.8948403101192991,sample_union_vs_hellinger,1.1175178282555032,1.0
32,55,0,B_exact_finite_discrete_gaussian,0.125,distribution_bound_vs_factor_event,7.158722480954393,0.8948403101192991
32,55,1,B_exact_finite_discrete_gaussian,1.9995793502381647,omitted_gate_triangle,1.6693221972119194,3.3379421944391554
32,55,1,B_exact_finite_discrete_gaussian,0.7494889591437093,sample_union_vs_hellinger,1.3342424698857465,1.0
32,55,1,B_exact_finite_discrete_gaussian,0.140625,distribution_bound_vs_factor_event,5.329699265021933,0.7494889591437093
32,55,2,B_exact_finite_discrete_gaussian,0.942793473651995,omitted_gate_triangle,1.0413178831668433,0.9817477042468103
32,55,2,B_exact_finite_discrete_gaussian,0.24827683843650017,sample_union_vs_hellinger,1.474055834739566,0.3659739223280156
32,55,2,B_exact_finite_discrete_gaussian,0.046875,distribution_bound_vs_factor_event,5.296572553312004,0.24827683843650017
32,55,3,B_exact_finite_discrete_gaussian,0.19603428065912118,omitted_gate_triangle,1.001608189083975,0.19634954084936207
32,55,3,B_exact_finite_discrete_gaussian,0.03954781825252247,sample_union_vs_hellinger,1.0174579493711033,0.0402382420613126
32,55,3,B_exact_finite_discrete_gaussian,0.015625,distribution_bound_vs_factor_event,2.531060368161438,0.03954781825252247
32,55,4,B_exact_finite_discrete_gaussian,0.0,omitted_gate_triangle,,0.0
32,55,4,B_exact_finite_discrete_gaussian,0.0,sample_union_vs_hellinger,,0.0
32,55,4,B_exact_finite_discrete_gaussian,0.0,distribution_bound_vs_factor_event,,0.0
32,65,0,A_uniform_hard_box,1.9983478729659827,omitted_gate_triangle,4.814540867371052,9.62112750161874
32,65,0,A_uniform_hard_box,0.999596139452989,sample_union_vs_hellinger,1.0004040237162501,1.0
32,65,0,A_uniform_hard_box,0.578125,distribution_bound_vs_factor_event,1.7290311601348998,0.999596139452989
32,65,1,A_uniform_hard_box,1.9995793502381647,omitted_gate_triangle,1.6693221972119194,3.3379421944391554
32,65,1,A_uniform_hard_box,0.8797400715995669,sample_union_vs_hellinger,1.136699386878869,1.0
32,65,1,A_uniform_hard_box,0.328125,distribution_bound_vs_factor_event,2.681112599160585,0.8797400715995669
32,65,2,A_uniform_hard_box,0.942793473651995,omitted_gate_triangle,1.0413178831668433,0.9817477042468103
32,65,2,A_uniform_hard_box,0.3647996809322066,sample_union_vs_hellinger,0.8003919965276244,0.2919827449539692
32,65,2,A_uniform_hard_box,0.046875,distribution_bound_vs_factor_event,7.782393193220408,0.3647996809322066
32,65,3,A_uniform_hard_box,0.19603428065912118,omitted_gate_triangle,1.001608189083975,0.19634954084936207
32,65,3,A_uniform_hard_box,0.0,sample_union_vs_hellinger,,9.263237014467754e-17
32,65,3,A_uniform_hard_box,0.0,distribution_bound_vs_factor_event,,0.0
32,65,4,A_uniform_hard_box,0.0,omitted_gate_triangle,,0.0
32,65,4,A_uniform_hard_box,0.0,sample_union_vs_hellinger,,0.0
32,65,4,A_uniform_hard_box,0.0,distribution_bound_vs_factor_event,,0.0
32,65,0,B_exact_finite_discrete_gaussian,1.9983478729659827,omitted_gate_triangle,4.814540867371052,9.62112750161874
32,65,0,B_exact_finite_discrete_gaussian,0.8579276379532003,sample_union_vs_hellinger,1.1655994698874006,1.0
32,65,0,B_exact_finite_discrete_gaussian,0.21875,distribution_bound_vs_factor_event,3.9219549163574867,0.8579276379532003
32,65,1,B_exact_finite_discrete_gaussian,1.9995793502381647,omitted_gate_triangle,1.6693221972119194,3.3379421944391554
32,65,1,B_exact_finite_discrete_gaussian,0.6730145440519111,sample_union_vs_hellinger,1.4858519906263241,1.0
32,65,1,B_exact_finite_discrete_gaussian,0.203125,distribution_bound_vs_factor_event,3.3133023707171008,0.6730145440519111
32,65,2,B_exact_finite_discrete_gaussian,0.942793473651995,omitted_gate_triangle,1.0413178831668433,0.9817477042468103
32,65,2,B_exact_finite_discrete_gaussian,0.12673918390746172,sample_union_vs_hellinger,1.4878953819543264,0.18857464644857236
32,65,2,B_exact_finite_discrete_gaussian,0.0625,distribution_bound_vs_factor_event,2.0278269425193876,0.12673918390746172
32,65,3,B_exact_finite_discrete_gaussian,0.19603428065912118,omitted_gate_triangle,1.001608189083975,0.19634954084936207
32,65,3,B_exact_finite_discrete_gaussian,0.0,sample_union_vs_hellinger,,5.99184330624114e-16
32,65,3,B_exact_finite_discrete_gaussian,0.0,distribution_bound_vs_factor_event,,0.0
32,65,4,B_exact_finite_discrete_gaussian,0.0,omitted_gate_triangle,,0.0
32,65,4,B_exact_finite_discrete_gaussian,0.0,sample_union_vs_hellinger,,0.0
32,65,4,B_exact_finite_discrete_gaussian,0.0,distribution_bound_vs_factor_event,,0.0
32,85,0,A_uniform_hard_box,1.9983478729659827,omitted_gate_triangle,4.814540867371052,9.62112750161874
32,85,0,A_uniform_hard_box,0.0,sample_union_vs_hellinger,,2.1371793224034263e-15
32,85,0,A_uniform_hard_box,0.0,distribution_bound_vs_factor_event,,0.0
32,85,1,A_uniform_hard_box,1.9995793502381647,omitted_gate_triangle,1.6693221972119194,3.3379421944391554
32,85,1,A_uniform_hard_box,0.0,sample_union_vs_hellinger,,2.1371793224034263e-15
32,85,1,A_uniform_hard_box,0.0,distribution_bound_vs_factor_event,,0.0
32,85,2,A_uniform_hard_box,0.942793473651995,omitted_gate_triangle,1.0413178831668433,0.9817477042468103
32,85,2,A_uniform_hard_box,0.0,sample_union_vs_hellinger,,2.7110962741447165e-32
32,85,2,A_uniform_hard_box,0.0,distribution_bound_vs_factor_event,,0.0
32,85,3,A_uniform_hard_box,0.19603428065912118,omitted_gate_triangle,1.001608189083975,0.19634954084936207
32,85,3,A_uniform_hard_box,0.0,sample_union_vs_hellinger,,1.3237053902488948e-32
32,85,3,A_uniform_hard_box,0.0,distribution_bound_vs_factor_event,,0.0
32,85,4,A_uniform_hard_box,0.0,omitted_gate_triangle,,0.0
32,85,4,A_uniform_hard_box,0.0,sample_union_vs_hellinger,,0.0
32,85,4,A_uniform_hard_box,0.0,distribution_bound_vs_factor_event,,0.0
32,85,0,B_exact_finite_discrete_gaussian,1.9983478729659827,omitted_gate_triangle,4.814540867371052,9.62112750161874
32,85,0,B_exact_finite_discrete_gaussian,0.7290851736859545,sample_union_vs_hellinger,1.3715818618892106,1.0
32,85,0,B_exact_finite_discrete_gaussian,0.0,distribution_bound_vs_factor_event,,0.7290851736859545
32,85,1,B_exact_finite_discrete_gaussian,1.9995793502381647,omitted_gate_triangle,1.6693221972119194,3.3379421944391554
32,85,1,B_exact_finite_discrete_gaussian,0.3025006583302486,sample_union_vs_hellinger,2.017034444384286,0.6101542473010337
32,85,1,B_exact_finite_discrete_gaussian,0.0,distribution_bound_vs_factor_event,,0.3025006583302486
32,85,2,B_exact_finite_discrete_gaussian,0.942793473651995,omitted_gate_triangle,1.0413178831668433,0.9817477042468103
32,85,2,B_exact_finite_discrete_gaussian,0.0315129183529856,sample_union_vs_hellinger,1.3774584810724229,0.04340773664866282
32,85,2,B_exact_finite_discrete_gaussian,0.0,distribution_bound_vs_factor_event,,0.0315129183529856
32,85,3,B_exact_finite_discrete_gaussian,0.19603428065912118,omitted_gate_triangle,1.001608189083975,0.19634954084936207
32,85,3,B_exact_finite_discrete_gaussian,0.0,sample_union_vs_hellinger,,5.130444680201407e-16
32,85,3,B_exact_finite_discrete_gaussian,0.0,distribution_bound_vs_factor_event,,0.0
32,85,4,B_exact_finite_discrete_gaussian,0.0,omitted_gate_triangle,,0.0
32,85,4,B_exact_finite_discrete_gaussian,0.0,sample_union_vs_hellinger,,0.0
32,85,4,B_exact_finite_discrete_gaussian,0.0,distribution_bound_vs_factor_event,,0.0
32,95,0,A_uniform_hard_box,1.9983478729659827,omitted_gate_triangle,4.814540867371052,9.62112750161874
32,95,0,A_uniform_hard_box,0.9999753678328935,sample_union_vs_hellinger,1.000024632773865,1.0
32,95,0,A_uniform_hard_box,0.0,distribution_bound_vs_factor_event,,0.9999753678328935
32,95,1,A_uniform_hard_box,1.9995793502381647,omitted_gate_triangle,1.6693221972119194,3.3379421944391554
32,95,1,A_uniform_hard_box,0.9764550674922788,sample_union_vs_hellinger,1.0241126635434328,1.0
32,95,1,A_uniform_hard_box,0.0,distribution_bound_vs_factor_event,,0.9764550674922788
32,95,2,A_uniform_hard_box,0.942793473651995,omitted_gate_triangle,1.0413178831668433,0.9817477042468103
32,95,2,A_uniform_hard_box,0.5749835937253652,sample_union_vs_hellinger,1.1644610561787108,0.6695460028348695
32,95,2,A_uniform_hard_box,0.0,distribution_bound_vs_factor_event,,0.5749835937253652
32,95,3,A_uniform_hard_box,0.19603428065912118,omitted_gate_triangle,1.001608189083975,0.19634954084936207
32,95,3,A_uniform_hard_box,0.1625126988301263,sample_union_vs_hellinger,0.48945004142992243,0.07954184717529383
32,95,3,A_uniform_hard_box,0.0,distribution_bound_vs_factor_event,,0.1625126988301263
32,95,4,A_uniform_hard_box,0.0,omitted_gate_triangle,,0.0
32,95,4,A_uniform_hard_box,0.0,sample_union_vs_hellinger,,0.0
32,95,4,A_uniform_hard_box,0.0,distribution_bound_vs_factor_event,,0.0
32,95,0,B_exact_finite_discrete_gaussian,1.9983478729659827,omitted_gate_triangle,4.814540867371052,9.62112750161874
32,95,0,B_exact_finite_discrete_gaussian,0.4825292695292373,sample_union_vs_hellinger,2.072413142886886,1.0
32,95,0,B_exact_finite_discrete_gaussian,0.0,distribution_bound_vs_factor_event,,0.4825292695292373
32,95,1,B_exact_finite_discrete_gaussian,1.9995793502381647,omitted_gate_triangle,1.6693221972119194,3.3379421944391554
32,95,1,B_exact_finite_discrete_gaussian,0.3248729847617677,sample_union_vs_hellinger,2.1754740995215154,0.7067527639834735
32,95,1,B_exact_finite_discrete_gaussian,0.0,distribution_bound_vs_factor_event,,0.3248729847617677
32,95,2,B_exact_finite_discrete_gaussian,0.942793473651995,omitted_gate_triangle,1.0413178831668433,0.9817477042468103
32,95,2,B_exact_finite_discrete_gaussian,0.06323448995996622,sample_union_vs_hellinger,1.972214608683934,0.12471198487172294
32,95,2,B_exact_finite_discrete_gaussian,0.0,distribution_bound_vs_factor_event,,0.06323448995996622
32,95,3,B_exact_finite_discrete_gaussian,0.19603428065912118,omitted_gate_triangle,1.001608189083975,0.19634954084936207
32,95,3,B_exact_finite_discrete_gaussian,0.00830879024915304,sample_union_vs_hellinger,1.8305550549790701,0.015209697991347904
32,95,3,B_exact_finite_discrete_gaussian,0.0,distribution_bound_vs_factor_event,,0.00830879024915304
32,95,4,B_exact_finite_discrete_gaussian,0.0,omitted_gate_triangle,,0.0
32,95,4,B_exact_finite_discrete_gaussian,0.0,sample_union_vs_hellinger,,0.0
32,95,4,B_exact_finite_discrete_gaussian,0.0,distribution_bound_vs_factor_event,,0.0
32,115,0,A_uniform_hard_box,1.9983478729659827,omitted_gate_triangle,4.814540867371052,9.62112750161874
32,115,0,A_uniform_hard_box,0.9999326783335478,sample_union_vs_hellinger,1.000067326198964,1.0
32,115,0,A_uniform_hard_box,0.359375,distribution_bound_vs_factor_event,2.782421365797698,0.9999326783335478
32,115,1,A_uniform_hard_box,1.9995793502381647,omitted_gate_triangle,1.6693221972119194,3.3379421944391554
32,115,1,A_uniform_hard_box,0.972651621461928,sample_union_vs_hellinger,1.028117342257618,1.0
32,115,1,A_uniform_hard_box,0.328125,distribution_bound_vs_factor_event,2.9642716082649234,0.972651621461928
32,115,2,A_uniform_hard_box,0.942793473651995,omitted_gate_triangle,1.0413178831668433,0.9817477042468103
32,115,2,A_uniform_hard_box,0.5771302212414514,sample_union_vs_hellinger,1.1757367830105543,0.6785532297005935
32,115,2,A_uniform_hard_box,0.15625,distribution_bound_vs_factor_event,3.693633415945289,0.5771302212414514
32,115,3,A_uniform_hard_box,0.19603428065912118,omitted_gate_triangle,1.001608189083975,0.19634954084936207
32,115,3,A_uniform_hard_box,0.1713886316624529,sample_union_vs_hellinger,0.4740360527158862,0.08124439043364613
32,115,3,A_uniform_hard_box,0.0,distribution_bound_vs_factor_event,,0.1713886316624529
32,115,4,A_uniform_hard_box,0.0,omitted_gate_triangle,,0.0
32,115,4,A_uniform_hard_box,0.0,sample_union_vs_hellinger,,0.0
32,115,4,A_uniform_hard_box,0.0,distribution_bound_vs_factor_event,,0.0
32,115,0,B_exact_finite_discrete_gaussian,1.9983478729659827,omitted_gate_triangle,4.814540867371052,9.62112750161874
32,115,0,B_exact_finite_discrete_gaussian,0.7221976608531295,sample_union_vs_hellinger,1.3846624742853688,1.0
32,115,0,B_exact_finite_discrete_gaussian,0.078125,distribution_bound_vs_factor_event,9.244130058920058,0.7221976608531295
32,115,1,B_exact_finite_discrete_gaussian,1.9995793502381647,omitted_gate_triangle,1.6693221972119194,3.3379421944391554
32,115,1,B_exact_finite_discrete_gaussian,0.5652550102639153,sample_union_vs_hellinger,1.7691130230461893,1.0
32,115,1,B_exact_finite_discrete_gaussian,0.0625,distribution_bound_vs_factor_event,9.044080164222645,0.5652550102639153
32,115,2,B_exact_finite_discrete_gaussian,0.942793473651995,omitted_gate_triangle,1.0413178831668433,0.9817477042468103
32,115,2,B_exact_finite_discrete_gaussian,0.1616827059254973,sample_union_vs_hellinger,1.763734387804174,0.2851653483540293
32,115,2,B_exact_finite_discrete_gaussian,0.03125,distribution_bound_vs_factor_event,5.173846589615914,0.1616827059254973
32,115,3,B_exact_finite_discrete_gaussian,0.19603428065912118,omitted_gate_triangle,1.001608189083975,0.19634954084936207
32,115,3,B_exact_finite_discrete_gaussian,0.021065299154950992,sample_union_vs_hellinger,1.5123293131042403,0.03185766940134237
32,115,3,B_exact_finite_discrete_gaussian,0.015625,distribution_bound_vs_factor_event,1.3481791459168635,0.021065299154950992
32,115,4,B_exact_finite_discrete_gaussian,0.0,omitted_gate_triangle,,0.0
32,115,4,B_exact_finite_discrete_gaussian,0.0,sample_union_vs_hellinger,,0.0
32,115,4,B_exact_finite_discrete_gaussian,0.0,distribution_bound_vs_factor_event,,0.0
32,119,0,A_uniform_hard_box,1.9983478729659827,omitted_gate_triangle,4.814540867371052,9.62112750161874
32,119,0,A_uniform_hard_box,0.9981556374447123,sample_union_vs_hellinger,1.0018477705140345,1.0
32,119,0,A_uniform_hard_box,0.0,distribution_bound_vs_factor_event,,0.9981556374447123
32,119,1,A_uniform_hard_box,1.9995793502381647,omitted_gate_triangle,1.6693221972119194,3.3379421944391554
32,119,1,A_uniform_hard_box,0.8771153275151967,sample_union_vs_hellinger,1.140100929296181,1.0
32,119,1,A_uniform_hard_box,0.0,distribution_bound_vs_factor_event,,0.8771153275151967
32,119,2,A_uniform_hard_box,0.942793473651995,omitted_gate_triangle,1.0413178831668433,0.9817477042468103
32,119,2,A_uniform_hard_box,0.39507254655567436,sample_union_vs_hellinger,1.01975227267811,0.40287612722287736
32,119,2,A_uniform_hard_box,0.0,distribution_bound_vs_factor_event,,0.39507254655567436
32,119,3,A_uniform_hard_box,0.19603428065912118,omitted_gate_triangle,1.001608189083975,0.19634954084936207
32,119,3,A_uniform_hard_box,0.08414335899762673,sample_union_vs_hellinger,0.46493505741058755,0.039121197446281265
32,119,3,A_uniform_hard_box,0.0,distribution_bound_vs_factor_event,,0.08414335899762673
32,119,4,A_uniform_hard_box,0.0,omitted_gate_triangle,,0.0
32,119,4,A_uniform_hard_box,0.0,sample_union_vs_hellinger,,0.0
32,119,4,A_uniform_hard_box,0.0,distribution_bound_vs_factor_event,,0.0
32,119,0,B_exact_finite_discrete_gaussian,1.9983478729659827,omitted_gate_triangle,4.814540867371052,9.62112750161874
32,119,0,B_exact_finite_discrete_gaussian,0.3823496173889265,sample_union_vs_hellinger,2.2494580100152284,0.8600794094617785
32,119,0,B_exact_finite_discrete_gaussian,0.0,distribution_bound_vs_factor_event,,0.3823496173889265
32,119,1,B_exact_finite_discrete_gaussian,1.9995793502381647,omitted_gate_triangle,1.6693221972119194,3.3379421944391554
32,119,1,B_exact_finite_discrete_gaussian,0.18767373096694198,sample_union_vs_hellinger,2.07558115897513,0.3895320600295522
32,119,1,B_exact_finite_discrete_gaussian,0.0,distribution_bound_vs_factor_event,,0.18767373096694198
32,119,2,B_exact_finite_discrete_gaussian,0.942793473651995,omitted_gate_triangle,1.0413178831668433,0.9817477042468103
32,119,2,B_exact_finite_discrete_gaussian,0.025728394123124578,sample_union_vs_hellinger,1.9378912828375594,0.04985883069261221
32,119,2,B_exact_finite_discrete_gaussian,0.0,distribution_bound_vs_factor_event,,0.025728394123124578
32,119,3,B_exact_finite_discrete_gaussian,0.19603428065912118,omitted_gate_triangle,1.001608189083975,0.19634954084936207
32,119,3,B_exact_finite_discrete_gaussian,0.001487067299386498,sample_union_vs_hellinger,1.6810463522561876,0.0024998290591931325
32,119,3,B_exact_finite_discrete_gaussian,0.0,distribution_bound_vs_factor_event,,0.001487067299386498
32,119,4,B_exact_finite_discrete_gaussian,0.0,omitted_gate_triangle,,0.0
32,119,4,B_exact_finite_discrete_gaussian,0.0,sample_union_vs_hellinger,,0.0
32,119,4,B_exact_finite_discrete_gaussian,0.0,distribution_bound_vs_factor_event,,0.0
32,133,0,A_uniform_hard_box,1.9983478729659827,omitted_gate_triangle,4.814540867371052,9.62112750161874
32,133,0,A_uniform_hard_box,0.9999420213339966,sample_union_vs_hellinger,1.000057982027724,1.0
32,133,0,A_uniform_hard_box,0.0,distribution_bound_vs_factor_event,,0.9999420213339966
32,133,1,A_uniform_hard_box,1.9995793502381647,omitted_gate_triangle,1.6693221972119194,3.3379421944391554
32,133,1,A_uniform_hard_box,0.9596685468150793,sample_union_vs_hellinger,1.042026440606782,1.0
32,133,1,A_uniform_hard_box,0.0,distribution_bound_vs_factor_event,,0.9596685468150793
32,133,2,A_uniform_hard_box,0.942793473651995,omitted_gate_triangle,1.0413178831668433,0.9817477042468103
32,133,2,A_uniform_hard_box,0.49409221140754883,sample_union_vs_hellinger,1.3200867750383745,0.6522445939285698
32,133,2,A_uniform_hard_box,0.0,distribution_bound_vs_factor_event,,0.49409221140754883
32,133,3,A_uniform_hard_box,0.19603428065912118,omitted_gate_triangle,1.001608189083975,0.19634954084936207
32,133,3,A_uniform_hard_box,0.12224988793864973,sample_union_vs_hellinger,0.6027778817504387,0.07368952849588778
32,133,3,A_uniform_hard_box,0.0,distribution_bound_vs_factor_event,,0.12224988793864973
32,133,4,A_uniform_hard_box,0.0,omitted_gate_triangle,,0.0
32,133,4,A_uniform_hard_box,0.0,sample_union_vs_hellinger,,0.0
32,133,4,A_uniform_hard_box,0.0,distribution_bound_vs_factor_event,,0.0
32,133,0,B_exact_finite_discrete_gaussian,1.9983478729659827,omitted_gate_triangle,4.814540867371052,9.62112750161874
32,133,0,B_exact_finite_discrete_gaussian,0.34917737800512927,sample_union_vs_hellinger,2.2936947137075565,0.8009063060766302
32,133,0,B_exact_finite_discrete_gaussian,0.0,distribution_bound_vs_factor_event,,0.34917737800512927
32,133,1,B_exact_finite_discrete_gaussian,1.9995793502381647,omitted_gate_triangle,1.6693221972119194,3.3379421944391554
32,133,1,B_exact_finite_discrete_gaussian,0.24839067020489977,sample_union_vs_hellinger,2.2375681741720492,0.5557910584117493
32,133,1,B_exact_finite_discrete_gaussian,0.0,distribution_bound_vs_factor_event,,0.24839067020489977
32,133,2,B_exact_finite_discrete_gaussian,0.942793473651995,omitted_gate_triangle,1.0413178831668433,0.9817477042468103
32,133,2,B_exact_finite_discrete_gaussian,0.055196601066238825,sample_union_vs_hellinger,2.0473996649361297,0.1130095025286306
32,133,2,B_exact_finite_discrete_gaussian,0.0,distribution_bound_vs_factor_event,,0.055196601066238825
32,133,3,B_exact_finite_discrete_gaussian,0.19603428065912118,omitted_gate_triangle,1.001608189083975,0.19634954084936207
32,133,3,B_exact_finite_discrete_gaussian,0.007819764243933075,sample_union_vs_hellinger,1.8613153658181827,0.014555047344308236
32,133,3,B_exact_finite_discrete_gaussian,0.0,distribution_bound_vs_factor_event,,0.007819764243933075
32,133,4,B_exact_finite_discrete_gaussian,0.0,omitted_gate_triangle,,0.0
32,133,4,B_exact_finite_discrete_gaussian,0.0,sample_union_vs_hellinger,,0.0
32,133,4,B_exact_finite_discrete_gaussian,0.0,distribution_bound_vs_factor_event,,0.0
32,161,0,A_uniform_hard_box,1.9983478729659827,omitted_gate_triangle,4.814540867371052,9.62112750161874
32,161,0,A_uniform_hard_box,0.9998477193756792,sample_union_vs_hellinger,1.0001523038172413,1.0
32,161,0,A_uniform_hard_box,0.0,distribution_bound_vs_factor_event,,0.9998477193756792
32,161,1,A_uniform_hard_box,1.9995793502381647,omitted_gate_triangle,1.6693221972119194,3.3379421944391554
32,161,1,A_uniform_hard_box,0.9296133217656287,sample_union_vs_hellinger,1.0757160817152285,1.0
32,161,1,A_uniform_hard_box,0.0,distribution_bound_vs_factor_event,,0.9296133217656287
32,161,2,A_uniform_hard_box,0.942793473651995,omitted_gate_triangle,1.0413178831668433,0.9817477042468103
32,161,2,A_uniform_hard_box,0.4226801002353988,sample_union_vs_hellinger,1.3823613595335917,0.5842966380092007
32,161,2,A_uniform_hard_box,0.0,distribution_bound_vs_factor_event,,0.4226801002353988
32,161,3,A_uniform_hard_box,0.19603428065912118,omitted_gate_triangle,1.001608189083975,0.19634954084936207
32,161,3,A_uniform_hard_box,0.10970151049926243,sample_union_vs_hellinger,0.6700438826485239,0.0735048260273336
32,161,3,A_uniform_hard_box,0.0,distribution_bound_vs_factor_event,,0.10970151049926243
32,161,4,A_uniform_hard_box,0.0,omitted_gate_triangle,,0.0
32,161,4,A_uniform_hard_box,0.0,sample_union_vs_hellinger,,0.0
32,161,4,A_uniform_hard_box,0.0,distribution_bound_vs_factor_event,,0.0
32,161,0,B_exact_finite_discrete_gaussian,1.9983478729659827,omitted_gate_triangle,4.814540867371052,9.62112750161874
32,161,0,B_exact_finite_discrete_gaussian,0.41527698653860523,sample_union_vs_hellinger,2.207221112917121,0.9166081323966085
32,161,0,B_exact_finite_discrete_gaussian,0.0,distribution_bound_vs_factor_event,,0.41527698653860523
32,161,1,B_exact_finite_discrete_gaussian,1.9995793502381647,omitted_gate_triangle,1.6693221972119194,3.3379421944391554
32,161,1,B_exact_finite_discrete_gaussian,0.24488789558250254,sample_union_vs_hellinger,2.17973142475162,0.5337898415424742
32,161,1,B_exact_finite_discrete_gaussian,0.0,distribution_bound_vs_factor_event,,0.24488789558250254
32,161,2,B_exact_finite_discrete_gaussian,0.942793473651995,omitted_gate_triangle,1.0413178831668433,0.9817477042468103
32,161,2,B_exact_finite_discrete_gaussian,0.0475553858298802,sample_union_vs_hellinger,1.7742187829514457,0.08437365876987647
32,161,2,B_exact_finite_discrete_gaussian,0.0,distribution_bound_vs_factor_event,,0.0475553858298802
32,161,3,B_exact_finite_discrete_gaussian,0.19603428065912118,omitted_gate_triangle,1.001608189083975,0.19634954084936207
32,161,3,B_exact_finite_discrete_gaussian,0.005061206969305481,sample_union_vs_hellinger,1.6117033872435234,0.008157164415970171
32,161,3,B_exact_finite_discrete_gaussian,0.0,distribution_bound_vs_factor_event,,0.005061206969305481
32,161,4,B_exact_finite_discrete_gaussian,0.0,omitted_gate_triangle,,0.0
32,161,4,B_exact_finite_discrete_gaussian,0.0,sample_union_vs_hellinger,,0.0
32,161,4,B_exact_finite_discrete_gaussian,0.0,distribution_bound_vs_factor_event,,0.0
